model,month,status,n_stocks,objective_value,turnover,transaction_cost,short_borrow_cost,long_lending_revenue,gross_return,net_return,short_weight,gross_exposure,fee_exposure
M0,2007-01,CLARABEL_SOLVED,856,1.8752824325974327,2.352803662277381,0.0,0.0,0.0,0.04119455849597731,0.04119455849597731,0.25000000859831917,1.5000000171966392,0.00035937500543232613
M0,2007-02,CLARABEL_SOLVED,952,1.8181099330013428,2.0568421171294027,0.0,0.0,0.0,-0.05850008679738759,-0.05850008679738759,0.2500000002614304,1.5000000005228622,0.0009427083337790675
M0,2007-03,CLARABEL_SOLVED,955,1.946903737900448,1.7997801341942226,0.0,0.0,0.0,0.022214580067829073,0.022214580067829073,0.250000001794617,1.500000003589233,0.0006208334410598592
M0,2007-04,CLARABEL_SOLVED,949,1.7983605548112715,2.151159862577841,0.0,0.0,0.0,0.06196369938046291,0.06196369938046291,0.25000000204175626,1.500000004083512,0.0009322916690732356
M0,2007-05,CLARABEL_SOLVED,953,1.7742409244920596,2.208888890329092,0.0,0.0,0.0,0.07460510172811136,0.07460510172811136,0.2500000004299897,1.5000000008599794,0.0015293575427321108
M0,2007-06,CLARABEL_SOLVED,949,1.8298332072069496,2.069396303560846,0.0,0.0,0.0,0.0054791345706465405,0.0054791345706465405,0.25000002956222195,1.500000059124444,0.0017458333809513551
M0,2007-07,CLARABEL_SOLVED,955,1.8061591395053211,2.1580952756789964,0.0,0.0,0.0,-0.04708068610946396,-0.04708068610946396,0.2500000008665701,1.5000000017331403,0.0004000000010107703
M0,2007-08,CLARABEL_SOLVED,962,1.774630990604419,2.5370148750360366,0.0,0.0,0.0,0.055884811857580624,0.055884811857580624,0.2500000002175501,1.500000000435099,0.0005843750005057256
M0,2007-09,CLARABEL_SOLVED,959,1.760419211633523,2.4574315495746313,0.0,0.0,0.0,0.10039672153216234,0.10039672153216234,0.2500000086936623,1.5000000173873222,0.0003916666607661168
M0,2007-10,CLARABEL_SOLVED,950,1.7490162297935252,2.3594594857249014,0.0,0.0,0.0,0.011044056534743881,0.011044056534743881,0.2500000002437103,1.5000000004874208,0.001895833331676415
M0,2007-11,CLARABEL_SOLVED,954,1.8673027411233372,2.038881839093867,0.0,0.0,0.0,-0.09982401533252672,-0.09982401533252672,0.2500000006923765,1.5000000013847536,0.0007822916673044662
M0,2007-12,CLARABEL_SOLVED,954,1.929206197005679,2.2116883224897714,0.0,0.0,0.0,0.03344621684727275,0.03344621684727275,0.25000000915834236,1.5000000183166846,0.00015625008318304018
M0,2008-01,CLARABEL_SOLVED,960,1.9440721210050873,2.1593314953848397,0.0,0.0,0.0,-0.08538564164425641,-0.08538564164425641,0.25000002299930063,1.5000000459986014,0.0015666666945841363
M0,2008-02,CLARABEL_SOLVED,962,2.181787641107458,1.762474284824535,0.0,0.0,0.0,0.03868290608659071,0.03868290608659071,0.25000000250206655,1.500000005004134,0.0007104166695574962
M0,2008-03,CLARABEL_SOLVED,952,1.9297585094017953,1.7736363298368694,0.0,0.0,0.0,-0.040081107275447274,-0.040081107275447274,0.2500000002163958,1.5000000004327934,0.0005104166676859568
M0,2008-04,CLARABEL_SOLVED,956,2.0491723012253025,2.065231760227274,0.0,0.0,0.0,0.1439671410368107,0.1439671410368107,0.25000000110681997,1.5000000022136397,0.0006145833348064828
M0,2008-05,CLARABEL_SOLVED,955,1.9147253631982766,1.9908462607919994,0.0,0.0,0.0,0.07398376379989115,0.07398376379989115,0.2500000003678789,1.5000000007357575,0.0006656250067409795
M0,2008-06,CLARABEL_SOLVED,956,1.8601372078742704,1.8299826599177933,0.0,0.0,0.0,-0.029804492002993354,-0.029804492002993354,0.2500000143842961,1.5000000287685924,0.0006104166947527842
M0,2008-07,CLARABEL_SOLVED,957,1.8239672957546904,1.5612119265929791,0.0,0.0,0.0,0.013561513032628147,0.013561513032628147,0.2500000065664495,1.5000000131328988,0.000704166681539264
M0,2008-08,CLARABEL_SOLVED,962,2.2200317731812897,1.841817934128287,0.0,0.0,0.0,-0.06780248696895504,-0.06780248696895504,0.2500000003284818,1.500000000656963,0.0006927083340429891
M0,2008-09,CLARABEL_SOLVED,966,2.087042985627011,1.775348852426609,0.0,0.0,0.0,-0.2103453858976933,-0.2103453858976933,0.2500000103823672,1.5000000207647346,0.0010229166445500273
M0,2008-10,CLARABEL_SOLVED,955,2.0061132625284954,1.7057142829755358,0.0,0.0,0.0,-0.27153397973448423,-0.27153397973448423,0.2500000016595664,1.5000000033191339,0.0005395833351669969
M0,2008-11,CLARABEL_SOLVED,963,1.6932606102352101,1.9595348631536316,0.0,0.0,0.0,-0.10346397285549602,-0.10346397285549602,0.25000000099812014,1.5000000019962347,0.00038125000087083267
M0,2008-12,CLARABEL_SOLVED,964,1.747258866945693,2.204153278825868,0.0,0.0,0.0,0.02124991585239113,0.02124991585239113,0.2500000025478753,1.5000000050957496,0.00045833335282623123
M0,2009-01,CLARABEL_SOLVED,969,1.9362728395094186,1.8434033375590797,0.0,0.0,0.0,-0.08718707586476837,-0.08718707586476837,0.25000002930229737,1.5000000586045954,0.0001093750327807563
M0,2009-02,CLARABEL_SOLVED,964,1.8430594845544161,1.7733786743568023,0.0,0.0,0.0,-0.12176881005486616,-0.12176881005486616,0.2500000010307759,1.500000002061552,0.0004125000018207065
M0,2009-03,CLARABEL_SOLVED,970,1.7680207820121734,1.7212477795138743,0.0,0.0,0.0,0.05192998948392275,0.05192998948392275,0.2500000005320794,1.500000001064159,0.0004604166680098204
M0,2009-04,CLARABEL_SOLVED,972,1.9332329416638177,1.743908047095049,0.0,0.0,0.0,-0.026428383821135954,-0.026428383821135954,0.25000000419969515,1.5000000083993894,0.000559375003987814
M0,2009-05,CLARABEL_SOLVED,972,1.979715978247209,1.7157889302807852,0.0,0.0,0.0,0.10280794802051305,0.10280794802051305,0.2500000011122362,1.5000000022244735,0.0002687500002076066
M0,2009-06,CLARABEL_SOLVED,968,1.90671709578385,1.7369203534170596,0.0,0.0,0.0,0.00805745018148862,0.00805745018148862,0.2500000009680188,1.5000000019360344,0.00016624326010700896
M0,2009-07,CLARABEL_SOLVED,975,1.8569019442921881,1.7472139942096256,0.0,0.0,0.0,0.03416010778984534,0.03416010778984534,0.2500000155663904,1.5000000311327808,0.0013812500181147476
M0,2009-08,CLARABEL_SOLVED,973,1.8491804042453954,1.6543872577621341,0.0,0.0,0.0,-0.03113947826258201,-0.03113947826258201,0.25000001077582557,1.5000000215516511,0.0001802083454200447
M0,2009-09,CLARABEL_SOLVED,964,1.827637299722327,1.4607843094813004,0.0,0.0,0.0,0.04752244598078126,0.04752244598078126,0.25000000115209225,1.5000000023041797,0.0007989583343700963
M0,2009-10,CLARABEL_SOLVED,962,1.8583161427503354,1.7558139453071573,0.0,0.0,0.0,0.0028456144666828345,0.0028456144666828345,0.24999999998869624,1.4999999999773905,0.0008966929113147741
M0,2009-11,CLARABEL_SOLVED,973,1.770763648456196,2.134079895914348,0.0,0.0,0.0,0.04495327801229741,0.04495327801229741,0.25000000056415533,1.500000001128309,0.0002281250003068639
M0,2009-12,CLARABEL_SOLVED,965,1.677687439766324,2.185294364447218,0.0,0.0,0.0,0.08940087354166676,0.08940087354166676,0.25000000028371405,1.5000000005674274,0.0013427083337771767
M0,2010-01,CLARABEL_SOLVED,964,1.942735075141037,2.13775852989375,0.0,0.0,0.0,-0.036228512975957,-0.036228512975957,0.25000000183707854,1.5000000036741534,0.0002906250012954018
M0,2010-02,CLARABEL_SOLVED,968,1.95149979329832,1.7824316710792303,0.0,0.0,0.0,0.10868003684967976,0.10868003684967976,0.25000000214239776,1.500000004284795,0.0005625000014320354
M0,2010-03,CLARABEL_SOLVED,968,1.753733145006055,2.3773047307889996,0.0,0.0,0.0,0.08512726361556189,0.08512726361556189,0.25000000055790317,1.500000001115808,0.001348958334344467
M0,2010-04,CLARABEL_SOLVED,960,1.8069980060120527,2.3239369599932918,0.0,0.0,0.0,0.042492195873212554,0.042492195873212554,0.250000002521098,1.5000000050421973,0.00010729166884960892
M0,2010-05,CLARABEL_SOLVED,967,1.7798926705245508,2.004721784927282,0.0,0.0,0.0,-0.12624440325701466,-0.12624440325701466,0.25000000832365626,1.5000000166473133,0.0007708335370495562
M0,2010-06,CLARABEL_SOLVED,965,1.8583020890930393,2.254042053594448,0.0,0.0,0.0,-0.12240000977455376,-0.12240000977455376,0.2500000041727096,1.500000008345419,0.000456250003791479
M0,2010-07,CLARABEL_SOLVED,966,1.9716263154007774,2.3386685233536664,0.0,0.0,0.0,0.13134209499038435,0.13134209499038435,0.2500000159519987,1.5000000319039992,0.00023125009262618077
M0,2010-08,CLARABEL_SOLVED,962,1.8587311683043246,2.414999906679595,0.0,0.0,0.0,-0.03690155489329601,-0.03690155489329601,0.24999999980876308,1.4999999996175268,0.0005770833366298238
M0,2010-09,CLARABEL_SOLVED,958,1.7733435195509737,2.5278769486126396,0.0,0.0,0.0,0.15670870135096204,0.15670870135096204,0.25000000218271534,1.5000000043654298,0.00045208333564641825
M0,2010-10,CLARABEL_SOLVED,964,1.9206909185544965,2.240909091229703,0.0,0.0,0.0,0.03822792807915725,0.03822792807915725,0.25000000271836936,1.5000000054367382,0.0003650162227279705
M0,2010-11,CLARABEL_SOLVED,982,1.8462546839485,2.351575875628349,0.0,0.0,0.0,0.018028737987360578,0.018028737987360578,0.25000000346335155,1.5000000069267014,0.0014791666250462058
M0,2010-12,CLARABEL_SOLVED,982,1.7568622347750904,2.196296291785787,0.0,0.0,0.0,0.100479561840305,0.100479561840305,0.2500000066307877,1.500000013261575,0.0004013895323966937
M0,2011-01,CLARABEL_SOLVED,976,1.984963446044717,2.051735903756465,0.0,0.0,0.0,-0.008790771065526719,-0.008790771065526719,0.25000000102565473,1.5000000020513076,0.0010312500013414543
M0,2011-02,CLARABEL_SOLVED,984,1.9254808176199674,1.8192208122707458,0.0,0.0,0.0,0.055806511448279375,0.055806511448279375,0.24999999966960038,1.4999999993392001,0.0007385416673855905
M0,2011-03,CLARABEL_SOLVED,983,1.8343297843647004,2.3849398433870492,0.0,0.0,0.0,0.03391289112723712,0.03391289112723712,0.2500000240533463,1.5000000481066933,0.00019583337615304287
M0,2011-04,CLARABEL_SOLVED,989,1.8005370383927422,2.2218390858114185,0.0,0.0,0.0,0.0031322461097182588,0.0031322461097182588,0.2500000019418018,1.5000000038836043,0.00045729166956283613
M0,2011-05,CLARABEL_SOLVED,989,1.9818951955081052,1.9364524376317864,0.0,0.0,0.0,-0.02656510886752652,-0.02656510886752652,0.25000000858648885,1.5000000171729764,0.0017468750105823594
M0,2011-06,CLARABEL_SOLVED,987,2.1576859873051273,2.1750000085601138,0.0,0.0,0.0,-0.011211914706456263,-0.011211914706456263,0.25000000803459854,1.5000000160691955,0.00024895833736185695
M0,2011-07,CLARABEL_SOLVED,988,1.8777052865145787,2.0695652595571383,0.0,0.0,0.0,-0.032644406878264615,-0.032644406878264615,0.25000000287818713,1.5000000057563732,0.0004876948531311765
M0,2011-08,CLARABEL_SOLVED,986,1.8993552163429055,2.0756962601892077,0.0,0.0,0.0,-0.09872075151986912,-0.09872075151986912,0.25000003973259255,1.5000000794651853,0.0012156251313826362
M0,2011-09,CLARABEL_SOLVED,990,2.083030227054496,2.473333392687107,0.0,0.0,0.0,-0.18719059851566267,-0.18719059851566267,0.2500000192677682,1.5000000385355359,0.002607291699629722
M0,2011-10,CLARABEL_SOLVED,991,2.0296882803590583,2.4087500319284336,0.0,0.0,0.0,0.30384495668164085,0.30384495668164085,0.250000006742522,1.5000000134850429,0.001111458362188394
M0,2011-11,CLARABEL_SOLVED,985,1.8732135340131988,2.7073684508580635,0.0,0.0,0.0,0.04989912327601822,0.04989912327601822,0.2500000195964679,1.5000000391929358,0.00025416905487737933
M0,2011-12,CLARABEL_SOLVED,983,1.7996564113133182,2.0576923250110606,0.0,0.0,0.0,-0.0005287470483805908,-0.0005287470483805908,0.25000000200172484,1.5000000040034491,0.00037604166918072556
M0,2012-01,CLARABEL_SOLVED,983,2.00721310211786,1.9223162495738102,0.0,0.0,0.0,0.09127283938625042,0.09127283938625042,0.25000000955281837,1.500000019105636,0.0002677083405696921
M0,2012-02,CLARABEL_SOLVED,984,2.0752709284578446,2.407532455891733,0.0,0.0,0.0,0.05765209644040509,0.05765209644040509,0.25000000029138597,1.5000000005827703,0.0009624164422977646
M0,2012-03,CLARABEL_SOLVED,983,1.7577354648196943,1.9637362716938311,0.0,0.0,0.0,0.047813384135157504,0.047813384135157504,0.2500000082403443,1.5000000164806881,0.0012354167076048458
M0,2012-04,CLARABEL_SOLVED,984,1.9194245235643284,2.2116479535696896,0.0,0.0,0.0,0.001276793586995499,0.001276793586995499,0.25000000153794577,1.5000000030758902,0.0010947916683959253
M0,2012-05,CLARABEL_SOLVED,983,1.836584639362253,1.9639505323525175,0.0,0.0,0.0,-0.044339860017024,-0.044339860017024,0.2500000017935641,1.5000000035871288,0.0002750000023335562
M0,2012-06,CLARABEL_SOLVED,981,1.8333485925610236,1.7276923075317607,0.0,0.0,0.0,0.05668275009512072,0.05668275009512072,0.2500000008911023,1.5000000017822046,0.001044791672994618
M0,2012-07,CLARABEL_SOLVED,978,1.8917908824678293,1.9177777762136086,0.0,0.0,0.0,0.029682059714202437,0.029682059714202437,0.2500000017006796,1.5000000034013576,0.0022187500376923464
M0,2012-08,CLARABEL_SOLVED,980,1.8129372862162925,2.0409090310498943,0.0,0.0,0.0,0.06859899400491148,0.06859899400491148,0.2500000069617757,1.500000013923553,0.0018281250080888609
M0,2012-09,CLARABEL_SOLVED,977,1.8707482102364033,2.3593773179098934,0.0,0.0,0.0,0.047792084194803186,0.047792084194803186,0.250000000838535,1.500000001677071,0.00044687500370610677
M0,2012-10,CLARABEL_SOLVED,978,2.0153366080867112,2.396521726408805,0.0,0.0,0.0,0.01362248490934671,0.01362248490934671,0.25000000454827065,1.50000000909654,0.0018916666818330136
M0,2012-11,CLARABEL_SOLVED,980,1.8480699746108535,2.104443646141216,0.0,0.0,0.0,0.046956197690137716,0.046956197690137716,0.25000001026579455,1.5000000205315887,0.0033843754624849386
M0,2012-12,CLARABEL_SOLVED,978,1.8375354027476205,2.3057137708847524,0.0,0.0,0.0,0.01225488351007193,0.01225488351007193,0.2500000010288159,1.5000000020576318,0.0006375000107747407
M0,2013-01,CLARABEL_SOLVED,976,2.0217988479572715,1.9277514127201036,0.0,0.0,0.0,0.07421146046748892,0.07421146046748892,0.2500000013453644,1.500000002690729,0.0008197916672839801
M0,2013-02,CLARABEL_SOLVED,976,1.812569174254908,2.1523809716357487,0.0,0.0,0.0,-0.005174269866921321,-0.005174269866921321,0.25000000477034656,1.5000000095406936,0.0010958331885133974
M0,2013-03,CLARABEL_SOLVED,976,1.766043285049467,2.077777786435678,0.0,0.0,0.0,0.060723885699257664,0.060723885699257664,0.25000000450412235,1.5000000090082455,0.00027812500312921623
M0,2013-04,CLARABEL_SOLVED,973,1.6131459079161912,2.12589073101543,0.0,0.0,0.0,-0.022804143299256882,-0.022804143299256882,0.25000000605033745,1.500000012100676,0.0008625000280271797
M0,2013-05,CLARABEL_SOLVED,968,1.769674327948542,2.1048701901375857,0.0,0.0,0.0,0.05320326324850479,0.05320326324850479,0.2500000005293342,1.5000000010586692,0.0005260416670706223
M0,2013-06,CLARABEL_SOLVED,972,1.9100741016872556,2.069999996863662,0.0,0.0,0.0,-0.05082439593776328,-0.05082439593776328,0.25000000176161463,1.5000000035232293,0.001017708335328031
M0,2013-07,CLARABEL_SOLVED,974,1.992477953916727,2.2762742310332955,0.0,0.0,0.0,0.11307284716717919,0.11307284716717919,0.250000002100365,1.500000004200731,0.0011656250018569235
M0,2013-08,CLARABEL_SOLVED,972,1.863086379086842,2.1464864590113275,0.0,0.0,0.0,-0.002076847201284364,-0.002076847201284364,0.25000000041565723,1.5000000008313146,0.0019395833354635846
M0,2013-09,CLARABEL_SOLVED,975,1.9848646722392105,2.0171428613640336,0.0,0.0,0.0,0.06302858752236122,0.06302858752236122,0.2500000045808378,1.5000000091616748,0.000880208336550016
M0,2013-10,CLARABEL_SOLVED,970,1.881302745085442,1.8733333279093605,0.0,0.0,0.0,0.03312378166671694,0.03312378166671694,0.2500000050115023,1.500000010023005,0.0019791667068413676
M0,2013-11,CLARABEL_SOLVED,963,1.980166119171326,2.163736258408915,0.0,0.0,0.0,0.06465582722558459,0.06465582722558459,0.250000003460217,1.500000006920435,0.000317708336612049
M0,2013-12,CLARABEL_SOLVED,964,1.8010185927972684,2.7071428636927664,0.0,0.0,0.0,0.02598241486430488,0.02598241486430488,0.2500000004101697,1.500000000820341,0.0011374518875145237
M0,2014-01,CLARABEL_SOLVED,964,1.852341908763903,2.354883726686365,0.0,0.0,0.0,0.00787907077278256,0.00787907077278256,0.25000000497390523,1.5000000099478088,0.00170104166752606
M0,2014-02,CLARABEL_SOLVED,969,1.9082663830037585,2.2766666342854665,0.0,0.0,0.0,0.09244834253061221,0.09244834253061221,0.25000000246668014,1.500000004933361,0.0015666667124628884
M0,2014-03,CLARABEL_SOLVED,968,1.749320923310135,2.005678970311788,0.0,0.0,0.0,-0.00800304075268143,-0.00800304075268143,0.25000000010358797,1.5000000002071752,0.0007937499923316015
M0,2014-04,CLARABEL_SOLVED,991,2.1834735052962313,2.3381046048254843,0.0,0.0,0.0,-0.07843191293558108,-0.07843191293558108,0.25000001276820527,1.500000025536409,0.0010114583564684752
M0,2014-05,CLARABEL_SOLVED,993,2.120618780109485,2.3897829464524616,0.0,0.0,0.0,-0.01684650038269095,-0.01684650038269095,0.25000000127892874,1.500000002557858,0.00028929950855139037
M0,2014-06,CLARABEL_SOLVED,992,1.9030452681848924,2.621572499035542,0.0,0.0,0.0,0.08163452800584764,0.08163452800584764,0.25000002057997106,1.5000000411599435,0.0017718750395431823
M0,2014-07,CLARABEL_SOLVED,989,1.913512326719397,2.162325618593596,0.0,0.0,0.0,-0.00562095365914428,-0.00562095365914428,0.2500000017178382,1.500000003435678,0.0007702250065937411
M0,2014-08,CLARABEL_SOLVED,991,1.8687057411418513,2.080000001527025,0.0,0.0,0.0,0.11033983509319786,0.11033983509319786,0.2500000022090876,1.5000000044181738,0.001511615684722455
M0,2014-09,CLARABEL_SOLVED,991,1.8047298417683648,2.193333335621981,0.0,0.0,0.0,-0.04411631042624928,-0.04411631042624928,0.2500000010138112,1.500000002027624,0.0018295651204549527
M0,2014-10,CLARABEL_SOLVED,988,1.9495304311336765,2.275406943372478,0.0,0.0,0.0,-0.0686320231346037,-0.0686320231346037,0.25000000120998084,1.5000000024199625,0.0002048975030757641
M0,2014-11,CLARABEL_SOLVED,988,1.9779829402479048,2.164711609784765,0.0,0.0,0.0,-0.06594950575607397,-0.06594950575607397,0.2500000035982348,1.5000000071964692,0.0005687499995933286
M0,2014-12,CLARABEL_SOLVED,988,1.926809099745683,2.0553846250647863,0.0,0.0,0.0,-0.06427297352181185,-0.06427297352181185,0.2500000013129633,1.5000000026259248,0.0011031250011547843
M0,2015-01,CLARABEL_SOLVED,989,2.057982592032544,2.0609883399813236,0.0,0.0,0.0,-0.008807900002286612,-0.008807900002286612,0.25000000677086853,1.5000000135417375,0.0012177083531265658
M0,2015-02,CLARABEL_SOLVED,989,1.8293254417603841,2.0316040902552532,0.0,0.0,0.0,0.035288457496726766,0.035288457496726766,0.2500000064121564,1.5000000128243125,0.0010895833268401954
M0,2015-03,CLARABEL_SOLVED,992,1.9699238078471142,2.005714492459234,0.0,0.0,0.0,0.049367454549677975,0.049367454549677975,0.2500000229112892,1.5000000458225795,0.0020270834779314083
M0,2015-04,CLARABEL_SOLVED,992,1.9255924572876313,2.1460869762655426,0.0,0.0,0.0,-0.027914715556581073,-0.027914715556581073,0.25000000090611707,1.5000000018122335,0.0003796196527062802
M0,2015-05,CLARABEL_SOLVED,989,2.0129998439642387,1.9533333305730576,0.0,0.0,0.0,0.06823724802109149,0.06823724802109149,0.25000000005383544,1.5000000001076705,0.0007687500005983914
M0,2015-06,CLARABEL_SOLVED,991,1.7554252333123332,2.0266750165508753,0.0,0.0,0.0,-0.03437254180205134,-0.03437254180205134,0.25000001245209574,1.5000000249041912,0.0008697916781306572
M0,2015-07,CLARABEL_SOLVED,991,1.9741966417654069,1.9826087095987335,0.0,0.0,0.0,0.005819997742718103,0.005819997742718103,0.2500000012186106,1.500000002437221,0.0022677083348590366
M0,2015-08,CLARABEL_SOLVED,992,1.7203969312052716,2.315897721417201,0.0,0.0,0.0,-0.06450942455232922,-0.06450942455232922,0.2500000019732499,1.5000000039464974,0.0005260416720666936
M0,2015-09,CLARABEL_SOLVED,995,1.9584607040477653,2.4158977030537185,0.0,0.0,0.0,-0.12410766039369264,-0.12410766039369264,0.2500000007922252,1.5000000015844501,0.00397916668406402
M0,2015-10,CLARABEL_SOLVED,993,1.9715921554597606,1.7532430158972105,0.0,0.0,0.0,0.0479463547119452,0.0479463547119452,0.2500000097103677,1.5000000194207335,0.0010104166903186279
M0,2015-11,CLARABEL_SOLVED,993,1.9535697251812483,2.013842380009843,0.0,0.0,0.0,0.04608596727299197,0.04608596727299197,0.2500000010054636,1.5000000020109279,0.003102083335667103
M0,2015-12,CLARABEL_SOLVED,991,1.87876962300732,2.1671301266172676,0.0,0.0,0.0,0.039363637241751986,0.039363637241751986,0.25000002184736003,1.5000000436947176,0.0008479168745919943
M0,2016-01,CLARABEL_SOLVED,992,1.8942996102629044,2.2118186658106262,0.0,0.0,0.0,-0.12206064709368807,-0.12206064709368807,0.25000000057299643,1.5000000011459924,0.0021583333341452567
M0,2016-02,CLARABEL_SOLVED,990,1.8929984029029576,2.230646734267549,0.0,0.0,0.0,-0.039162069427399096,-0.039162069427399096,0.25000000068037503,1.5000000013607488,0.0004041666689217089
M0,2016-03,CLARABEL_SOLVED,989,1.816479344465734,2.3905878109603895,0.0,0.0,0.0,0.03179742532218228,0.03179742532218228,0.2500000222816153,1.5000000445632302,0.0016552083698718916
M0,2016-04,CLARABEL_SOLVED,993,1.863603884479064,1.692631613508095,0.0,0.0,0.0,-0.027459332289563272,-0.027459332289563272,0.25000000384672555,1.5000000076934512,0.0007312500064993977
M0,2016-05,CLARABEL_SOLVED,992,1.994632671817906,1.482125880779234,0.0,0.0,0.0,0.08073930353873005,0.08073930353873005,0.25000000215428264,1.5000000043085653,0.0009770833537123087
M0,2016-06,CLARABEL_SOLVED,988,1.6364011637383835,1.72330096110006,0.0,0.0,0.0,0.029009559367770624,0.029009559367770624,0.25000001190529386,1.5000000238105873,0.0028770833360400637
M0,2016-07,CLARABEL_SOLVED,991,1.6884125355011075,2.498393806924607,0.0,0.0,0.0,0.09403515892234465,0.09403515892234465,0.25000000078905454,1.5000000015781096,0.0011093750028304252
M0,2016-08,CLARABEL_SOLVED,991,1.8546500120176128,2.372727278004499,0.0,0.0,0.0,-0.013077292223425662,-0.013077292223425662,0.25000000512855586,1.500000010257117,0.0014250000081777556
M0,2016-09,CLARABEL_SOLVED,990,1.997350212364471,1.9244897873284088,0.0,0.0,0.0,0.031878484789028015,0.031878484789028015,0.25000000748045903,1.500000014960916,0.00045000000749778976
M0,2016-10,CLARABEL_SOLVED,989,1.839346594018848,2.227179438532382,0.0,0.0,0.0,-0.00834835985303399,-0.00834835985303399,0.25000000245307286,1.500000004906147,0.0012808622089061166
M0,2016-11,CLARABEL_SOLVED,990,1.8182620427637606,2.1371428522372278,0.0,0.0,0.0,0.1667702223513967,0.1667702223513967,0.2500000019449673,1.5000000038899355,0.0009156250037645019
M0,2016-12,CLARABEL_SOLVED,990,1.9060742361725798,2.6174795658483174,0.0,0.0,0.0,0.007091197455420235,0.007091197455420235,0.2500000002899193,1.5000000005798377,0.0004781250030776469
M0,2017-01,CLARABEL_SOLVED,991,2.0375707448628666,2.216921187519858,0.0,0.0,0.0,0.0678668316977257,0.0678668316977257,0.250000002094717,1.5000000041894348,0.002361458395276487
M0,2017-02,CLARABEL_SOLVED,988,1.5990015205984565,2.2158974123675943,0.0,0.0,0.0,0.014097954110229937,0.014097954110229937,0.25000000017169854,1.5000000003433973,0.0008312500008370146
M0,2017-03,CLARABEL_SOLVED,992,1.7760953411141607,2.306690870884711,0.0,0.0,0.0,-0.04936418583553641,-0.04936418583553641,0.2500000006479472,1.500000001295894,0.0022200414675055337
M0,2017-04,CLARABEL_SOLVED,994,1.9523507746841824,2.4144099577774205,0.0,0.0,0.0,-0.0164112361008866,-0.0164112361008866,0.25000000069967,1.5000000013993406,0.0006833333386029526
M0,2017-05,CLARABEL_SOLVED,992,1.8500752770531619,2.0780132472176422,0.0,0.0,0.0,-0.0038933301849870643,-0.0038933301849870643,0.2500000003831101,1.5000000007662178,0.0021166667179400266
M0,2017-06,CLARABEL_SOLVED,991,1.6650691572691885,2.3083870983891797,0.0,0.0,0.0,0.07705782868335138,0.07705782868335138,0.25000000091550767,1.5000000018310153,0.0009604166709719314
M0,2017-07,CLARABEL_SOLVED,991,2.0039860256744886,2.1099999965785923,0.0,0.0,0.0,0.04793917280222229,0.04793917280222229,0.2500000001358722,1.500000000271744,0.003531546684145865
M0,2017-08,CLARABEL_SOLVED,993,1.812596615650516,2.300091452531774,0.0,0.0,0.0,0.07939079690856708,0.07939079690856708,0.2500000119054135,1.500000023810827,0.0015302083495138466
M0,2017-09,CLARABEL_SOLVED,990,1.8408555580235695,2.200909102599165,0.0,0.0,0.0,0.04073931770328138,0.04073931770328138,0.25000001561569507,1.5000000312313886,0.0025562501601743724
M0,2017-10,CLARABEL_SOLVED,993,2.0802902501227636,2.1248276026725677,0.0,0.0,0.0,0.012452106502265732,0.012452106502265732,0.2500000075249594,1.5000000150499195,0.0028773169002854907
M0,2017-11,CLARABEL_SOLVED,995,1.8226450999494646,2.175000007025614,0.0,0.0,0.0,-0.005718798222482554,-0.005718798222482554,0.25000000025165514,1.500000000503309,0.0010500000011470808
M0,2017-12,CLARABEL_SOLVED,997,1.988056784710931,2.415008968073577,0.0,0.0,0.0,0.03038971315140287,0.03038971315140287,0.2500000002825391,1.500000000565077,0.0011199343312271973
M0,2018-01,CLARABEL_SOLVED,995,1.9986876554465227,1.7758098184246687,0.0,0.0,0.0,0.10331044837825809,0.10331044837825809,0.2500000003963821,1.5000000007927632,0.002030208317562408
M0,2018-02,CLARABEL_SOLVED,993,1.8517404652572877,2.1457142824323947,0.0,0.0,0.0,-0.0782331883169273,-0.0782331883169273,0.2500000011606083,1.500000002321217,0.0017593750080960439
M0,2018-03,CLARABEL_SOLVED,992,2.087617630194803,2.4495146805099424,0.0,0.0,0.0,-0.04095179337619911,-0.04095179337619911,0.2500000005151643,1.5000000010303305,0.0013174365528198205
M0,2018-04,CLARABEL_SOLVED,994,2.066251942963089,1.989113926272409,0.0,0.0,0.0,-0.008894335943883122,-0.008894335943883122,0.25000000043600673,1.5000000008720138,0.0040725592741887445
M0,2018-05,CLARABEL_SOLVED,990,1.9521471642658985,1.617647090024514,0.0,0.0,0.0,0.13318107930833728,0.13318107930833728,0.25000002210480454,1.5000000442096098,0.0020330275201221183
M0,2018-06,CLARABEL_SOLVED,992,1.8844111931823855,2.2999999672317,0.0,0.0,0.0,0.006772944427482039,0.006772944427482039,0.2500000025082258,1.50000000501645,0.0021024001021978664
M0,2018-07,CLARABEL_SOLVED,997,2.0019985043765876,2.0111763872141655,0.0,0.0,0.0,-0.003332609207842358,-0.003332609207842358,0.25000001141106454,1.5000000228221295,0.0013599271329584977
M0,2018-08,CLARABEL_SOLVED,995,1.902437263763263,2.1799983867908033,0.0,0.0,0.0,0.1005963398008205,0.1005963398008205,0.25000000050415894,1.50000000100832,0.0005380189092289925
M0,2018-09,CLARABEL_SOLVED,996,1.7019882783492277,2.0286026783284843,0.0,0.0,0.0,-0.05421511124004881,-0.05421511124004881,0.2500000000218684,1.5000000000437361,0.0007188794133274846
M0,2018-10,CLARABEL_SOLVED,995,1.888954035502184,2.0786922841241777,0.0,0.0,0.0,-0.11615193891186204,-0.11615193891186204,0.25000000053727794,1.500000001074556,0.004014343344861317
M0,2018-11,CLARABEL_SOLVED,995,1.9552287579471117,1.9616401242588832,0.0,0.0,0.0,0.012038604538929446,0.012038604538929446,0.25000000116715304,1.5000000023343065,0.0016582129435306562
M0,2018-12,CLARABEL_SOLVED,994,1.9480610424887879,2.504897153858679,0.0,0.0,0.0,-0.11832798489762412,-0.11832798489762412,0.2500000012676678,1.500000002535336,0.0008956950301749729
M0,2019-01,CLARABEL_SOLVED,996,1.821843739144024,2.302352882597136,0.0,0.0,0.0,0.1352824287288171,0.1352824287288171,0.2500000008453202,1.50000000169064,0.0004531212426716265
M0,2019-02,CLARABEL_SOLVED,994,1.890037030217401,2.3927820630734677,0.0,0.0,0.0,0.033995899841944385,0.033995899841944385,0.25000002106049934,1.5000000421209987,0.001361979578665854
M0,2019-03,CLARABEL_SOLVED,993,1.9431791810834844,1.9028571568730164,0.0,0.0,0.0,0.007834845914451424,0.007834845914451424,0.2500000012998983,1.500000002599795,0.0023982266789818163
M0,2019-04,CLARABEL_SOLVED,993,1.9065571914084871,2.332432438341958,0.0,0.0,0.0,0.0039679097243912435,0.0039679097243912435,0.2500000046103463,1.5000000092206927,0.0009350636886345063
M0,2019-05,CLARABEL_SOLVED,994,1.9811869607465118,2.0171428609206603,0.0,0.0,0.0,-0.00043079795487277125,-0.00043079795487277125,0.25000000033733744,1.5000000006746743,0.0007620723086541696
M0,2019-06,CLARABEL_SOLVED,992,1.7860601261216724,2.2437362634433047,0.0,0.0,0.0,0.09855975764039862,0.09855975764039862,0.25000000073874507,1.5000000014774892,0.0017486019435669002
M0,2019-07,CLARABEL_SOLVED,989,1.9194209597910086,2.192380951809917,0.0,0.0,0.0,0.011280474918901516,0.011280474918901516,0.25000000185309046,1.50000000370618,0.004627798562475671
M0,2019-08,CLARABEL_SOLVED,989,1.8705406011450945,1.6617581649162925,0.0,0.0,0.0,-0.050162947838234634,-0.050162947838234634,0.2500000166630808,1.500000033326161,0.0007817739523520741
M0,2019-09,CLARABEL_SOLVED,991,1.7349453180366343,2.2513512189842078,0.0,0.0,0.0,-0.0010249633641397499,-0.0010249633641397499,0.25000000104092873,1.500000002081857,0.0013556994875876334
M0,2019-10,CLARABEL_SOLVED,991,2.219135624037701,2.388240732423978,0.0,0.0,0.0,0.01863868539685385,0.01863868539685385,0.2500000246827851,1.5000000493655667,0.0011415889892655885
M0,2019-11,CLARABEL_SOLVED,991,1.8171493057446628,2.035454536591865,0.0,0.0,0.0,0.027997079508593946,0.027997079508593946,0.25000000132396444,1.5000000026479294,0.00040711569935380945
M0,2019-12,CLARABEL_SOLVED,994,1.9104033834850251,2.0464272586222614,0.0,0.0,0.0,0.019587400976029,0.019587400976029,0.25000000521048726,1.5000000104209745,0.00020127609173250228
M0,2020-01,CLARABEL_SOLVED,994,1.9057304267120105,1.748005713588094,0.0,0.0,0.0,0.04169375853882342,0.04169375853882342,0.25000000055242366,1.5000000011048469,0.0006111024261529099
M0,2020-02,CLARABEL_SOLVED,991,1.735911188360734,1.7510952765899355,0.0,0.0,0.0,-0.050064563647625945,-0.050064563647625945,0.2500000000397212,1.500000000079444,0.001808716618251631
M0,2020-03,CLARABEL_SOLVED,996,1.7769706891861812,2.0364705481150045,0.0,0.0,0.0,-0.14102992486084687,-0.14102992486084687,0.25000000966247665,1.5000000193249543,0.0021419386636189544
M0,2020-04,CLARABEL_SOLVED,993,1.827698761178781,1.741017054216153,0.0,0.0,0.0,0.40252239561383696,0.40252239561383696,0.2500000063765141,1.5000000127530284,0.001155000690630494
M0,2020-05,CLARABEL_SOLVED,991,1.9751884436349518,2.495067035468309,0.0,0.0,0.0,0.05671081768112233,0.05671081768112233,0.2500000055314543,1.5000000110629088,0.0011266268852221874
M0,2020-06,CLARABEL_SOLVED,992,1.85412388831079,1.3618651187471442,0.0,0.0,0.0,0.043111625698087054,0.043111625698087054,0.25000002169303454,1.500000043386069,0.0031583755526571147
M0,2020-07,CLARABEL_SOLVED,998,1.8358247494120215,1.5323579236062792,0.0,0.0,0.0,0.046298423782638966,0.046298423782638966,0.25000000232724096,1.5000000046544804,0.00426916057570852
M0,2020-08,CLARABEL_SOLVED,997,1.796068344399993,1.8048978684392512,0.0,0.0,0.0,0.14219507374263435,0.14219507374263435,0.25000000287190904,1.5000000057438188,0.0023179267060052028
M0,2020-09,CLARABEL_SOLVED,997,2.027016823068628,2.021092155220816,0.0,0.0,0.0,-0.06181468718822172,-0.06181468718822172,0.25000000524698074,1.5000000104939613,0.00011907298397030846
M0,2020-10,CLARABEL_SOLVED,995,1.965407945731767,2.2469808121352726,0.0,0.0,0.0,-0.05296361729421428,-0.05296361729421428,0.2500000003918066,1.5000000007836136,0.001560029100503298
M0,2020-11,CLARABEL_SOLVED,995,2.1193665596152704,1.9723732357699302,0.0,0.0,0.0,0.325276694560851,0.325276694560851,0.2500000035585961,1.5000000071171926,0.002072815038663702
M0,2020-12,CLARABEL_SOLVED,999,1.7967091497863374,1.836845056603971,0.0,0.0,0.0,0.013693504745100655,0.013693504745100655,0.2500000005182488,1.5000000010364982,0.004136118457287423
M0,2021-01,CLARABEL_SOLVED,1000,2.1481759979558577,1.60408309838972,0.0,0.0,0.0,0.13159646854426554,0.13159646854426554,0.25000000232283026,1.5000000046456612,0.000811768763052736
M0,2021-02,CLARABEL_SOLVED,998,1.8939293097388754,1.682218006514325,0.0,0.0,0.0,-0.060725878854955694,-0.060725878854955694,0.2500000005861911,1.500000001172382,0.001462896487675343
M0,2021-03,CLARABEL_SOLVED,999,1.8753774331608932,1.6258451211781622,0.0,0.0,0.0,0.015650018371746836,0.015650018371746836,0.2500000066078468,1.5000000132156934,0.0021122892225298464
M0,2021-04,CLARABEL_SOLVED,998,2.05955464847531,2.074328184979033,0.0,0.0,0.0,-0.032755172055658845,-0.032755172055658845,0.25000001539329786,1.5000000307865957,0.00327797088502836
M0,2021-05,CLARABEL_SOLVED,997,1.6550180294456354,2.2055084655207517,0.0,0.0,0.0,-0.005568735477689553,-0.005568735477689553,0.2500000005552573,1.5000000011105148,0.0018570605668632517
M0,2021-06,CLARABEL_SOLVED,999,1.8645689078628742,1.7996215565897826,0.0,0.0,0.0,0.08405413724095395,0.08405413724095395,0.25000000094247654,1.500000001884954,0.002666382794284765
M0,2021-07,CLARABEL_SOLVED,998,1.701039893937661,2.1454405794074756,0.0,0.0,0.0,-0.043220649928488786,-0.043220649928488786,0.2500000016737766,1.500000003347553,0.002290712811064334
M0,2021-08,CLARABEL_SOLVED,997,2.087014819400662,2.43976007826755,0.0,0.0,0.0,-0.04319390297160351,-0.04319390297160351,0.2500000007611707,1.5000000015223427,0.0023553825877181286
M0,2021-09,CLARABEL_SOLVED,998,1.7838293985728355,2.198586961010326,0.0,0.0,0.0,-0.023502732707539435,-0.023502732707539435,0.2500000003892345,1.5000000007784695,0.0017065429147470879
M0,2021-10,CLARABEL_SOLVED,998,1.920239857280278,2.2433613358461857,0.0,0.0,0.0,0.020475541908859758,0.020475541908859758,0.2500000019851463,1.5000000039702939,0.0017412524464485448
M0,2021-11,CLARABEL_SOLVED,997,1.688133346536208,2.5347635622923272,0.0,0.0,0.0,-0.06211455207963692,-0.06211455207963692,0.25000000062123706,1.500000001242475,0.0032335610293341274
M0,2021-12,CLARABEL_SOLVED,994,1.8647308913757323,2.225545536946287,0.0,0.0,0.0,-0.07559458425714764,-0.07559458425714764,0.25000000589966087,1.5000000117993202,0.0004532991693508203
M0,2022-01,CLARABEL_SOLVED,993,2.077840382137515,2.0946805904802073,0.0,0.0,0.0,-0.11529723535427565,-0.11529723535427565,0.25000000030781966,1.5000000006156398,0.004176797483811548
M0,2022-02,CLARABEL_SOLVED,991,1.9254399747502067,2.0262499706153445,0.0,0.0,0.0,-0.03287008177315131,-0.03287008177315131,0.25000000013449963,1.5000000002690006,0.0019749426842461115
M0,2022-03,CLARABEL_SOLVED,993,1.816022057897622,2.0946224267122266,0.0,0.0,0.0,0.010992048104131583,0.010992048104131583,0.2500000002524919,1.5000000005049836,0.0010420953674057088
M0,2022-04,CLARABEL_SOLVED,990,1.8934619014958878,1.8926265595593685,0.0,0.0,0.0,-0.04818388693057726,-0.04818388693057726,0.2500000013823674,1.5000000027647356,0.00108492147639984
M0,2022-05,CLARABEL_SOLVED,991,1.8450962874238435,1.6634089460230366,0.0,0.0,0.0,0.011173622408117992,0.011173622408117992,0.2500000007463227,1.500000001492645,0.0026348742389254594
M0,2022-06,CLARABEL_SOLVED,990,1.8348053135113556,1.8554023729847295,0.0,0.0,0.0,-0.1260880467902795,-0.1260880467902795,0.2500000209615163,1.5000000419230302,0.00133021387335657
M0,2022-07,CLARABEL_SOLVED,991,2.0468765426857916,2.0245454657762902,0.0,0.0,0.0,0.1390437784114211,0.1390437784114211,0.25000000292019364,1.5000000058403873,0.0008405987258208444
M0,2022-08,CLARABEL_SOLVED,988,1.9884273350230164,1.9391304273401118,0.0,0.0,0.0,0.07772315189030264,0.07772315189030264,0.25000000068850436,1.5000000013770078,0.0021479270288282904
M0,2022-09,CLARABEL_SOLVED,983,1.8941735602277185,1.660519653769932,0.0,0.0,0.0,-0.08554657913580108,-0.08554657913580108,0.25000000408996437,1.5000000081799278,0.0020156225506346966
M0,2022-10,CLARABEL_SOLVED,977,1.890194328815033,1.689662923298951,0.0,0.0,0.0,0.16749335113422353,0.16749335113422353,0.25000000133156963,1.5000000026631408,0.0013746578583398743
M0,2022-11,CLARABEL_SOLVED,970,1.78757904125783,2.0918406350690506,0.0,0.0,0.0,0.012094277631866986,0.012094277631866986,0.25000000300246655,1.5000000060049334,0.0013375889230103893
M0,2022-12,CLARABEL_SOLVED,969,2.008124501370473,1.7905263331063006,0.0,0.0,0.0,-0.056493284665473285,-0.056493284665473285,0.2500000131463722,1.5000000262927438,0.002580116710173075
M0,2023-01,CLARABEL_SOLVED,973,1.8036261873604333,1.6776623518492084,0.0,0.0,0.0,0.043228329282524326,0.043228329282524326,0.25000000249128945,1.5000000049825777,0.0019076559123073506
M0,2023-02,CLARABEL_SOLVED,972,2.0948341801358015,1.5315789491505079,0.0,0.0,0.0,0.011746317158056475,0.011746317158056475,0.2500000022953795,1.5000000045907567,0.006408054943383742
M0,2023-03,CLARABEL_SOLVED,975,1.856765882030966,1.6001845384523405,0.0,0.0,0.0,0.003407019306355428,0.003407019306355428,0.2500000023161027,1.5000000046322053,0.007487198194865607
M0,2023-04,CLARABEL_SOLVED,985,1.8917166581789817,1.9791044376578548,0.0,0.0,0.0,-0.38732722219621707,-0.38732722219621707,0.2500000286674522,1.5000000573348755,0.004386124473797575
M0,2023-05,CLARABEL_SOLVED,983,1.9278784673724632,2.248573190299072,0.0,0.0,0.0,0.082749598856388,0.082749598856388,0.2499999999686799,1.4999999999373594,0.009707095634432682
M0,2023-06,CLARABEL_SOLVED,988,1.871004616398319,1.8989470350087747,0.0,0.0,0.0,0.04185285720420766,0.04185285720420766,0.25000001843797115,1.5000000368759416,0.0059240645296544875
M0,2023-07,CLARABEL_SOLVED,987,2.052802655574254,1.6612121234748758,0.0,0.0,0.0,0.036068843198633245,0.036068843198633245,0.2500000004182199,1.5000000008364407,0.0025996387696788515
M0,2023-08,CLARABEL_SOLVED,986,1.830933599931411,1.8932530121162285,0.0,0.0,0.0,0.0431157787562247,0.0431157787562247,0.25000000025955266,1.5000000005191052,0.003785792132121495
M0,2023-09,CLARABEL_SOLVED,992,1.8211193747154821,1.747351826797306,0.0,0.0,0.0,-0.11706551027175388,-0.11706551027175388,0.2500000002834784,1.5000000005669571,0.0037258762507210424
M0,2023-10,CLARABEL_SOLVED,992,1.8102685989201186,1.708553642406859,0.0,0.0,0.0,-0.011416408706283137,-0.011416408706283137,0.25000000175607184,1.500000003512143,0.008745999947057662
M0,2023-11,CLARABEL_SOLVED,990,1.9058385927028896,1.8302399787649322,0.0,0.0,0.0,0.18096579333923904,0.18096579333923904,0.24999999967144546,1.499999999342891,0.006813773848469231
M0,2023-12,CLARABEL_SOLVED,992,1.98639212651163,2.0808420758627277,0.0,0.0,0.0,0.04819501552521911,0.04819501552521911,0.25000000047509696,1.500000000950194,0.0037541145623795815
M0,2024-01,CLARABEL_SOLVED,991,1.9830062220561986,1.977560313400165,0.0,0.0,0.0,-4.481232403061308e-05,-4.481232403061308e-05,0.2500000048457153,1.5000000096914317,0.004789223442449215
M0,2024-02,CLARABEL_SOLVED,990,1.694570066033464,1.5635872152028778,0.0,0.0,0.0,-0.005539070328849434,-0.005539070328849434,0.2500000149492642,1.5000000298985272,0.0012888769229072315
M0,2024-03,CLARABEL_SOLVED,991,1.954753033640717,1.5993567131474435,0.0,0.0,0.0,0.0018891653119862935,0.0018891653119862935,0.25000000188920024,1.5000000037783998,0.0014915059840752292
M0,2024-04,CLARABEL_SOLVED,992,2.003863295196961,1.4532710331139103,0.0,0.0,0.0,-0.09022508200845335,-0.09022508200845335,0.2500000004407505,1.5000000008815015,0.0016310939261384094
M0,2024-05,CLARABEL_SOLVED,994,1.962228007327048,1.9150745424821753,0.0,0.0,0.0,0.07836727436404076,0.07836727436404076,0.25000000018129537,1.5000000003625886,0.0051326571112465975
M0,2024-06,CLARABEL_SOLVED,994,1.8875346902737593,1.8905265162071916,0.0,0.0,0.0,0.04003813001017303,0.04003813001017303,0.25000000108630915,1.500000002172618,0.024268618897886285
M0,2024-07,CLARABEL_SOLVED,995,1.9911447640501516,2.0173034211822274,0.0,0.0,0.0,0.05998028183511309,0.05998028183511309,0.25000000169524306,1.5000000033904866,0.009818452870737768
M0,2024-08,CLARABEL_SOLVED,995,2.247653097804951,2.1572972921331837,0.0,0.0,0.0,0.0531673486251988,0.0531673486251988,0.25000000062337413,1.5000000012467467,0.0005946485208582456
M0,2024-09,CLARABEL_SOLVED,995,1.8016744962087308,1.878564292423095,0.0,0.0,0.0,0.01378903038772709,0.01378903038772709,0.250000006251513,1.5000000125030266,0.016132906804243903
M0,2024-10,CLARABEL_SOLVED,998,1.8285990614790224,2.023342168310397,0.0,0.0,0.0,-0.014545063422059133,-0.014545063422059133,0.2500000001542415,1.5000000003084835,0.005220948402039898
M0,2024-11,CLARABEL_SOLVED,997,1.6068317734762247,1.4399987694785992,0.0,0.0,0.0,0.11920631305283118,0.11920631305283118,0.2500000043951332,1.5000000087902658,0.002798827538385946
M0,2024-12,CLARABEL_SOLVED,998,1.7000305059198346,1.6344561347342599,0.0,0.0,0.0,-0.1386651075502599,-0.1386651075502599,0.250000002803509,1.5000000056070166,0.0095918127579161
M0,2025-01,CLARABEL_SOLVED,999,1.754682317100733,1.8609557273223256,0.0,0.0,0.0,0.07500788611021089,0.07500788611021089,0.2500000002458608,1.5000000004917227,0.004234566120434365
M0,2025-02,CLARABEL_SOLVED,997,1.860659229153365,1.6564431714947958,0.0,0.0,0.0,-0.037510699193521166,-0.037510699193521166,0.25000000513954246,1.5000000102790843,0.009428060526444995
M0,2025-03,CLARABEL_SOLVED,998,2.138355932788919,2.2459925930259255,0.0,0.0,0.0,-0.06766063867219357,-0.06766063867219357,0.2500000054224928,1.5000000108449867,0.0006619695473094749
M0,2025-04,CLARABEL_SOLVED,997,2.0681300489934795,1.8264464438839216,0.0,0.0,0.0,0.07960673129072209,0.07960673129072209,0.2500000328516929,1.5000000657033876,0.0032405001595390524
M0,2025-05,CLARABEL_SOLVED,998,1.6153826212350961,2.4258536479600044,0.0,0.0,0.0,0.10579829806449766,0.10579829806449766,0.25000000439124603,1.50000000878249,0.0021277742281337743
M0,2025-06,CLARABEL_SOLVED,997,1.7275612798591,2.047619124514727,0.0,0.0,0.0,0.04617656867880716,0.04617656867880716,0.25000000914158577,1.5000000182831716,0.0030042920000751686
M0,2025-07,CLARABEL_SOLVED,997,1.4681652883785872,1.6794422544244734,0.0,0.0,0.0,0.009585179915140307,0.009585179915140307,0.2500000128441631,1.5000000256883272,0.006477597070374454
M0,2025-08,CLARABEL_SOLVED,996,1.7646408281354526,1.6236516058161015,0.0,0.0,0.0,0.013015392545488048,0.013015392545488048,0.25000000060967553,1.5000000012193522,0.0031411731445758198
M0,2025-09,CLARABEL_SOLVED,996,1.7985254136128626,1.9753689349630905,0.0,0.0,0.0,0.04925785896823094,0.04925785896823094,0.25000000055851224,1.500000001117024,0.0008283583141459893
M0,2025-10,CLARABEL_SOLVED,996,1.5330010204520832,1.8851343196868213,0.0,0.0,0.0,0.04373778750214022,0.04373778750214022,0.25000000113599474,1.5000000022719897,0.021277877739341818
M0,2025-11,CLARABEL_SOLVED,995,1.6288509083626177,1.8748400592612802,0.0,0.0,0.0,-0.0928726789263031,-0.0928726789263031,0.25000000000231626,1.5000000000046323,0.0019546645346902643
M0,2025-12,CLARABEL_SOLVED,996,2.078711546929658,2.1351972147377856,0.0,0.0,0.0,-0.08275537089146041,-0.08275537089146041,0.25000000164355674,1.5000000032871137,0.001866510409658989
M1,2007-01,CLARABEL_SOLVED,856,1.8635413130639835,2.3457943650737323,0.011728971825368662,0.0,0.0,0.04088575773403433,0.029156785908665668,0.25000001973958835,1.5000000394791762,0.0003593750082644784
M1,2007-02,CLARABEL_SOLVED,952,1.8078257589602038,2.0568421632149243,0.010284210816074621,0.0,0.0,-0.058499777718072465,-0.06878398853414709,0.2500000232511115,1.500000046502222,0.0009427083613765101
M1,2007-03,CLARABEL_SOLVED,955,1.9379992979477472,1.7637367334290186,0.008818683667145093,0.0,0.0,0.02372947454599153,0.014910790878846437,0.2500000203190395,1.5000000406380791,0.0006408877706773719
M1,2007-04,CLARABEL_SOLVED,949,1.7876089152939738,2.133039275676139,0.010665196378380695,0.0,0.0,0.06303529333621638,0.052370096957835684,0.25000002959545625,1.500000059190913,0.0009322916959556701
M1,2007-05,CLARABEL_SOLVED,953,1.7630576066646488,2.2366660651720585,0.011183330325860292,0.0,0.0,0.07460466722968362,0.06342133690382333,0.25000000927174526,1.5000000185434925,0.001529349537650133
M1,2007-06,CLARABEL_SOLVED,949,1.8195573511743626,2.043908063089149,0.010219540315445745,0.0,0.0,0.005854826110608655,-0.0043647142048370904,0.25000001280478057,1.5000000256095614,0.0017458333497082181
M1,2007-07,CLARABEL_SOLVED,955,1.7954663699780782,2.121904904689874,0.01060952452344937,0.0,0.0,-0.047704329492886964,-0.05831385401633633,0.2500000363972778,1.500000072794556,0.0004000000325785714
M1,2007-08,CLARABEL_SOLVED,962,1.7620284216661684,2.4970149825425487,0.012485074912712744,0.0,0.0,0.06270005653326291,0.050214981620550166,0.25000003914340996,1.5000000782868215,0.0005843750321413751
M1,2007-09,CLARABEL_SOLVED,959,1.748075374291064,2.468767446000418,0.01234383723000209,0.0,0.0,0.10039672172576922,0.08805288449576712,0.2500000057626302,1.5000000115252594,0.0003916666638247928
M1,2007-10,CLARABEL_SOLVED,950,1.7372189550124846,2.359459491776213,0.011797297458881065,0.0,0.0,0.011040959879501301,-0.0007563375793797639,0.250000015273266,1.5000000305465324,0.0018958333590075173
M1,2007-11,CLARABEL_SOLVED,954,1.8571708997135778,1.9988853598722633,0.009994426799361317,0.0,0.0,-0.09871138961686615,-0.10870581641622747,0.2500000115572162,1.5000000231144313,0.0007822916764864954
M1,2007-12,CLARABEL_SOLVED,954,1.9181477839369117,2.211688337430491,0.011058441687152457,0.0,0.0,0.033446190794330526,0.02238774910717807,0.25000002398940946,1.5000000479788187,0.0001562500688015302
M1,2008-01,CLARABEL_SOLVED,960,1.9333604583607347,2.139330645817121,0.010696653229085605,0.0,0.0,-0.0860627532878445,-0.0967594065169301,0.2500000087252624,1.5000000174505257,0.0015666666763882167
M1,2008-02,CLARABEL_SOLVED,962,2.1729899452829553,1.742474311295246,0.008712371556476231,0.0,0.0,0.03998809341467416,0.03127572185819793,0.25000004122593117,1.500000082451861,0.0007104167016600818
M1,2008-03,CLARABEL_SOLVED,952,1.920897546402586,1.7509100503136021,0.008754550251568011,0.0,0.0,-0.041102863448851445,-0.049857413700419455,0.2500000077790078,1.5000000155580158,0.0005104166752877889
M1,2008-04,CLARABEL_SOLVED,956,2.0388376638155266,2.065237815547321,0.010326189077736605,0.0,0.0,0.14420313123591053,0.13387694215817392,0.25000002301411056,1.5000000460282217,0.0006145833670798091
M1,2008-05,CLARABEL_SOLVED,955,1.904840363545749,1.9547050897140643,0.009773525448570321,0.0,0.0,0.0738489095574035,0.06407538410883318,0.25000000618169105,1.5000000123633805,0.0006656250176660793
M1,2008-06,CLARABEL_SOLVED,956,1.8511976797525116,1.7780945113353148,0.008890472556676575,0.0,0.0,-0.03061400328675369,-0.03950447584343027,0.25000002191087717,1.5000000438217551,0.0006104167138778163
M1,2008-07,CLARABEL_SOLVED,957,1.8162531560722688,1.5412121526440696,0.007706060763220349,0.0,0.0,0.013806841896130963,0.006100781132910614,0.2500000338730488,1.5000000677460972,0.0007041667544477738
M1,2008-08,CLARABEL_SOLVED,962,2.2109090910977955,1.8245454587210181,0.00912272729360509,0.0,0.0,-0.06780250842377483,-0.07692523571737993,0.25000002522878295,1.5000000504575652,0.0006927083782518946
M1,2008-09,CLARABEL_SOLVED,966,2.0781662599279143,1.7753488455225572,0.008876744227612787,0.0,0.0,-0.21034538831585914,-0.21922213254347192,0.25000001780114367,1.5000000356022878,0.0010229166615236696
M1,2008-10,CLARABEL_SOLVED,955,1.9976636574708728,1.6857143611615582,0.008428571805807791,0.0,0.0,-0.27004072122496425,-0.27846929303077206,0.25000003243046004,1.500000064860921,0.0005395833629237424
M1,2008-11,CLARABEL_SOLVED,963,1.6835859280475989,1.9349425506516675,0.009674712753258338,0.0,0.0,-0.10346416513044077,-0.1131388778836991,0.2500000194347453,1.5000000388694912,0.00038125001366405857
M1,2008-12,CLARABEL_SOLVED,964,1.7363747607782631,2.1641542203279345,0.010820771101639672,0.0,0.0,0.013931590863452789,0.003110819761813117,0.25000001176620334,1.500000023532407,0.0004583333649426895
M1,2009-01,CLARABEL_SOLVED,969,1.9273681320920848,1.7612338041124325,0.008806169020562162,0.0,0.0,-0.08722996787092793,-0.0960361368914901,0.25000001002548455,1.5000000200509684,0.00010937500882307609
M1,2009-02,CLARABEL_SOLVED,964,1.8343176239217012,1.7460869829420118,0.00873043491471006,0.0,0.0,-0.12032016168915699,-0.12905059660386706,0.25000001826910473,1.50000003653821,0.00041250002290222054
M1,2009-03,CLARABEL_SOLVED,970,1.7594926155758273,1.690289084584345,0.008451445422921726,0.0,0.0,0.05101105182499878,0.04255960640207705,0.25000001638255215,1.5000000327651057,0.00046041667851821997
M1,2009-04,CLARABEL_SOLVED,972,1.9245443192692426,1.7103354721162303,0.008551677360581152,0.0,0.0,-0.025787314741518803,-0.03433899210209995,0.25000001655305265,1.5000000331061054,0.000559375012692902
M1,2009-05,CLARABEL_SOLVED,972,1.9712882857948546,1.6832345135959292,0.008416172567979647,0.0,0.0,0.1028150476430206,0.09439887507504095,0.250000003017253,1.5000000060345058,0.00026870836466536625
M1,2009-06,CLARABEL_SOLVED,968,1.8982608140797492,1.657956426765877,0.008289782133829386,0.0,0.0,0.009730000277307568,0.0014402181434781825,0.25000000095967767,1.500000001919355,0.00016624325682930769
M1,2009-07,CLARABEL_SOLVED,975,1.8482792543423026,1.7175738903396978,0.008587869451698489,0.0,0.0,0.034203286126305445,0.025615416674606956,0.250000037835592,1.500000075671185,0.0013812500279291324
M1,2009-08,CLARABEL_SOLVED,973,1.8409537932082576,1.6423504748810536,0.008211752374405268,0.0,0.0,-0.03229321628374324,-0.0405049686581485,0.25000002957818784,1.5000000591563758,0.00018020835892209323
M1,2009-09,CLARABEL_SOLVED,964,1.820335678063304,1.454404339371563,0.007272021696857815,0.0,0.0,0.04727524515262923,0.04000322345577141,0.2500000105713468,1.500000021142695,0.0007989583398338977
M1,2009-10,CLARABEL_SOLVED,962,1.8497384997752295,1.6949008137282118,0.008474504068641059,0.0,0.0,0.0009754303875478057,-0.007499073681093253,0.2500000111195724,1.500000022239143,0.0008966926449857497
M1,2009-11,CLARABEL_SOLVED,973,1.7603137687822128,2.0719918024149595,0.010359959012074798,0.0,0.0,0.04177923264337201,0.031419273631297207,0.25000002629417306,1.500000052588347,0.00022812501176115615
M1,2009-12,CLARABEL_SOLVED,965,1.6669608541180256,2.13801804438692,0.0106900902219346,0.0,0.0,0.08700716769015641,0.07631707746822182,0.250000019815347,1.5000000396306934,0.00134270835281705
M1,2010-01,CLARABEL_SOLVED,964,1.9321728469870145,2.1124506048658525,0.010562253024329263,0.0,0.0,-0.03622852060007155,-0.04679077362440081,0.2500000172374348,1.5000000344748696,0.00029062500892769683
M1,2010-02,CLARABEL_SOLVED,968,1.942605651351087,1.7752366542353175,0.008876183271176587,0.0,0.0,0.10852905000063034,0.09965286672945375,0.250000019985386,1.5000000399707725,0.0005625000129349725
M1,2010-03,CLARABEL_SOLVED,968,1.741847830366951,2.3770679191868194,0.011885339595934097,0.0,0.0,0.08512739034621504,0.07324205075028094,0.2500000171552394,1.5000000343104782,0.001348958375319621
M1,2010-04,CLARABEL_SOLVED,960,1.795447699376406,2.296842611447662,0.011484213057238311,0.0,0.0,0.04457447525836285,0.033090262201124536,0.25000002702648716,1.5000000540529734,0.00010729168250373281
M1,2010-05,CLARABEL_SOLVED,967,1.7698928815179038,1.99995924733399,0.009999796236669951,0.0,0.0,-0.1262443332580001,-0.13624412949467005,0.25000001077861533,1.5000000215572302,0.0007708337928717458
M1,2010-06,CLARABEL_SOLVED,965,1.8470811138414995,2.2202643674336153,0.011101321837168077,0.0,0.0,-0.12015191428091526,-0.13125323611808334,0.2500000321713658,1.500000064342731,0.0004562500279404876
M1,2010-07,CLARABEL_SOLVED,966,1.9599013497488273,2.344994550125928,0.011724972750629642,0.0,0.0,0.1313421184250514,0.11961714567442175,0.2500000157900238,1.500000031580049,0.0002312500276018936
M1,2010-08,CLARABEL_SOLVED,962,1.8466561744876577,2.414999886464291,0.012074999432321456,0.0,0.0,-0.03690173268287448,-0.04897673211519593,0.2500000039976983,1.5000000079953963,0.0005770833760263294
M1,2010-09,CLARABEL_SOLVED,958,1.760776385567663,2.507877312027455,0.012539386560137276,0.0,0.0,0.1510128833549586,0.13847349679482132,0.2500000217579075,1.500000043515815,0.0004520833537010683
M1,2010-10,CLARABEL_SOLVED,964,1.9094578386963792,2.234540970231914,0.01117270485115957,0.0,0.0,0.0385281636118872,0.027355458760727626,0.25000000462843786,1.5000000092568768,0.00036501622514789926
M1,2010-11,CLARABEL_SOLVED,982,1.8345642789080898,2.331575913843592,0.011657879569217959,0.0,0.0,0.017628539332301765,0.005970659763083806,0.25000001403008254,1.5000000280601642,0.001479166704912771
M1,2010-12,CLARABEL_SOLVED,982,1.7460805679291975,2.1229027996178393,0.010614513998089197,0.0,0.0,0.09949824379353517,0.08888372979544597,0.25000001184900533,1.5000000236980122,0.0004013895343332444
M1,2011-01,CLARABEL_SOLVED,976,1.9747153866827096,2.0496143529481854,0.010248071764740928,0.0,0.0,-0.008790777934409084,-0.019038849699150012,0.2500000076520204,1.5000000153040405,0.001031250008684154
M1,2011-02,CLARABEL_SOLVED,984,1.9163847197358435,1.8192207964824534,0.009096103982412267,0.0,0.0,0.05580709645891485,0.04671099247650258,0.25000000300999914,1.500000006019998,0.0007385416745184361
M1,2011-03,CLARABEL_SOLVED,983,1.8224046947063701,2.3850155577759518,0.01192507778887976,0.0,0.0,0.03391292744088542,0.02198784965200566,0.25000000987966375,1.5000000197593268,0.00019583335448092028
M1,2011-04,CLARABEL_SOLVED,989,1.7894278748504027,2.2218390981609035,0.011109195490804517,0.0,0.0,0.0031322550217739668,-0.00797694046903055,0.25000002403921867,1.500000048078438,0.0004572917018675943
M1,2011-05,CLARABEL_SOLVED,989,1.9722129609763377,1.9364526782840141,0.009682263391420072,0.0,0.0,-0.026565109766336588,-0.03624737315775666,0.25000002241856417,1.5000000448371291,0.0017468750184102587
M1,2011-06,CLARABEL_SOLVED,987,2.1468109927040393,2.1750000413546124,0.010875000206773063,0.0,0.0,-0.01121191973506843,-0.022086919941841494,0.25000000980000076,1.5000000196000012,0.00024895833447917404
M1,2011-07,CLARABEL_SOLVED,988,1.8674023934648067,2.044929371133021,0.010224646855665105,0.0,0.0,-0.03334756634207478,-0.043572213197739885,0.25000001098337626,1.500000021966752,0.0004876949102156533
M1,2011-08,CLARABEL_SOLVED,986,1.8889943695938693,2.042908720770319,0.010214543603851597,0.0,0.0,-0.09757811193916954,-0.10779265554302114,0.2500000071961889,1.500000014392377,0.0012156250157441058
M1,2011-09,CLARABEL_SOLVED,990,2.0706635584723068,2.473333352065418,0.01236666676032709,0.0,0.0,-0.18719059930922627,-0.19955726606955335,0.2500000132014669,1.500000026402934,0.002607291681338218
M1,2011-10,CLARABEL_SOLVED,991,2.017644540296063,2.408750038943257,0.012043750194716285,0.0,0.0,0.30384495729600836,0.2918012071012921,0.25000001105837993,1.5000000221167609,0.0011114583846511792
M1,2011-11,CLARABEL_SOLVED,985,1.8596766942338976,2.7073684605729125,0.013536842302864562,0.0,0.0,0.04989935266294068,0.03636251036007612,0.2500000146755739,1.500000029351148,0.00025416689015763413
M1,2011-12,CLARABEL_SOLVED,983,1.7893679881101983,2.0576923292048774,0.010288461646024387,0.0,0.0,-0.0005287194852804794,-0.010817181131304867,0.2500000260855168,1.5000000521710333,0.000376041687723945
M1,2012-01,CLARABEL_SOLVED,983,1.9976015636780144,1.922316179223396,0.00961158089611698,0.0,0.0,0.09127283927170043,0.08166125837558345,0.25000003013369243,1.5000000602673853,0.00026770838934083666
M1,2012-02,CLARABEL_SOLVED,984,2.063243934467681,2.387532543720057,0.011937662718600287,0.0,0.0,0.057784874133441716,0.04584721141484143,0.2500000111961018,1.5000000223922034,0.0009624163759235595
M1,2012-03,CLARABEL_SOLVED,983,1.7480266785082912,1.9417583041411552,0.009708791520705777,0.0,0.0,0.047813414831635856,0.03810462331093008,0.25000000886383106,1.500000017727662,0.001235416718082394
M1,2012-04,CLARABEL_SOLVED,984,1.9084251336256604,2.1716482721139534,0.010858241360569768,0.0,0.0,0.0014736952794510046,-0.009384546081118763,0.25000000601283573,1.5000000120256711,0.0010947916715987826
M1,2012-05,CLARABEL_SOLVED,983,1.8268264037284994,1.9508334327378596,0.009754167163689298,0.0,0.0,-0.043443435867978636,-0.053197603031667935,0.25000003925323083,1.5000000785064613,0.0002750000443644171
M1,2012-06,CLARABEL_SOLVED,981,1.8247128160548773,1.7124268222004497,0.008562134111002248,0.0,0.0,0.05673905132177627,0.04817691721077402,0.2500000043021515,1.5000000086043028,0.0010447916817885707
M1,2012-07,CLARABEL_SOLVED,978,1.8823344808496671,1.8808161199899134,0.009404080599949568,0.0,0.0,0.029314216086699818,0.01991013548675025,0.2500000077615187,1.5000000155230362,0.0022187502406935413
M1,2012-08,CLARABEL_SOLVED,980,1.8028716503792785,2.000909088138914,0.01000454544069457,0.0,0.0,0.06631450437902353,0.05630995893832896,0.25000001797345084,1.500000035946902,0.0018281250190005853
M1,2012-09,CLARABEL_SOLVED,977,1.8591085342038765,2.3188886351273066,0.011594443175636533,0.0,0.0,0.04823403084456665,0.03663958766893012,0.25000003961486605,1.5000000792297319,0.0004468751571128239
M1,2012-10,CLARABEL_SOLVED,978,2.003805743221551,2.277826266347593,0.011389131331737965,0.0,0.0,0.013263578407019111,0.0018744470752811455,0.250000009343332,1.5000000186866655,0.0018916666819415234
M1,2012-11,CLARABEL_SOLVED,980,1.8377743237350157,2.0591305153645916,0.010295652576822958,0.0,0.0,0.0469561757638115,0.03666052318698854,0.2500000083211644,1.5000000166423282,0.0033843750724966712
M1,2012-12,CLARABEL_SOLVED,978,1.8260068403949943,2.305714229595452,0.01152857114797726,0.0,0.0,0.012254881951482688,0.000726310803505428,0.25000000593000393,1.500000011860008,0.0006375000484386219
M1,2013-01,CLARABEL_SOLVED,976,2.0121612063375736,1.9225331255771048,0.009612665627885524,0.0,0.0,0.07411400623924533,0.0645013406113598,0.25000001946887346,1.5000000389377484,0.0008197916781378777
M1,2013-02,CLARABEL_SOLVED,976,1.8018383384730303,2.1461686588434987,0.010730843294217494,0.0,0.0,-0.005174213091865194,-0.015905056386082687,0.2500000081735936,1.5000000163471872,0.0010958328227978957
M1,2013-03,CLARABEL_SOLVED,976,1.7556544565294137,2.077777842718591,0.010388889213592956,0.0,0.0,0.060723895902547065,0.05033500668895411,0.250000038615741,1.5000000772314812,0.00027812501923717603
M1,2013-04,CLARABEL_SOLVED,973,1.6025830979188371,2.105853730638698,0.010529268653193492,0.0,0.0,-0.023259954790902038,-0.03378922344409553,0.2500000172199471,1.5000000344398945,0.0008625001114997365
M1,2013-05,CLARABEL_SOLVED,968,1.7591977759320785,2.0848276166726825,0.010424138083363413,0.0,0.0,0.05404506168925436,0.04362092360589095,0.2500000211515437,1.5000000423030864,0.0005260416822176699
M1,2013-06,CLARABEL_SOLVED,972,1.8997771489993305,2.0366589185571065,0.010183294592785533,0.0,0.0,-0.053383039413956335,-0.06356633400674187,0.25000000743146356,1.5000000148629273,0.0010177083388437972
M1,2013-07,CLARABEL_SOLVED,974,1.9812966079018053,2.2362742351816753,0.011181371175908377,0.0,0.0,0.1130728489813512,0.10189147780544282,0.2500000170837759,1.5000000341675515,0.0011656250148674237
M1,2013-08,CLARABEL_SOLVED,972,1.852353987709113,2.14648654191752,0.0107324327095876,0.0,0.0,-0.00207683707521991,-0.01280926978480751,0.25000002499859175,1.5000000499971824,0.001939583325308515
M1,2013-09,CLARABEL_SOLVED,975,1.974815795875399,1.9971428924746233,0.009985714462373117,0.0,0.0,0.06329691171953546,0.05331119725716234,0.2500000341615012,1.500000068323002,0.0008802083547735639
M1,2013-10,CLARABEL_SOLVED,970,1.8721205514065533,1.8111112141242036,0.009055556070621019,0.0,0.0,0.03709582141904323,0.028040265348422213,0.2500000076627712,1.5000000153255433,0.001979166744226464
M1,2013-11,CLARABEL_SOLVED,963,1.9693513062437995,2.152737422250479,0.010763687111252395,0.0,0.0,0.06489459360826375,0.05413090649701135,0.250000044822632,1.500000089645265,0.00031770836313554983
M1,2013-12,CLARABEL_SOLVED,964,1.787482900634271,2.7071429735440375,0.013535714867720188,0.0,0.0,0.025982381069319833,0.012446666201599645,0.25000001400385896,1.500000028007717,0.001137451365922749
M1,2014-01,CLARABEL_SOLVED,964,1.8405675001012827,2.354883738479006,0.01177441869239503,0.0,0.0,0.00787907135645281,-0.0038953473359422206,0.2500000102818192,1.5000000205636392,0.0017010416726462516
M1,2014-02,CLARABEL_SOLVED,969,1.8970526390873228,2.2366666960157495,0.011183333480078748,0.0,0.0,0.09320402635697655,0.08202069287689781,0.2500000133343819,1.5000000266687654,0.001566666957578265
M1,2014-03,CLARABEL_SOLVED,968,1.7393520684318782,1.9937713067967628,0.009968856533983814,0.0,0.0,-0.008002789986040558,-0.01797164652002437,0.2500000014832797,1.5000000029665603,0.0007937499650315626
M1,2014-04,CLARABEL_SOLVED,991,2.171818941113414,2.3112396901804995,0.011556198450902498,0.0,0.0,-0.07723665530265067,-0.08879285375355317,0.2500000028396635,1.5000000056793272,0.0010114583365383226
M1,2014-05,CLARABEL_SOLVED,993,2.108677126937605,2.3883326540683623,0.011941663270341811,0.0,0.0,-0.01684650105768143,-0.02878816432802324,0.2500000078390961,1.5000000156781936,0.0002892995179380302
M1,2014-06,CLARABEL_SOLVED,992,1.8899374133403533,2.6215725160116454,0.013107862580058227,0.0,0.0,0.0816345285976422,0.06852666601758398,0.25000002001920635,1.500000040038412,0.0017718750260993172
M1,2014-07,CLARABEL_SOLVED,989,1.9027616834038965,2.138931417837829,0.010694657089189145,0.0,0.0,-0.006270452893748855,-0.016965109982938,0.2500000048125262,1.5000000096250523,0.0007702249456082173
M1,2014-08,CLARABEL_SOLVED,991,1.8583057621371877,2.080000021163423,0.010400000105817115,0.0,0.0,0.11033983554304388,0.09993983543722677,0.25000001376994563,1.500000027539891,0.001511615703807177
M1,2014-09,CLARABEL_SOLVED,991,1.793763204941072,2.1933333760239013,0.010966666880119507,0.0,0.0,-0.04411646501032664,-0.05508313189044615,0.2500000196107435,1.5000000392214872,0.001829564333136809
M1,2014-10,CLARABEL_SOLVED,988,1.9382210964714879,2.245551614181243,0.011227758070906216,0.0,0.0,-0.07009596315783538,-0.0813237212287416,0.25000002424352774,1.5000000484870553,0.00020489772379430536
M1,2014-11,CLARABEL_SOLVED,988,1.9672407300946726,2.124309596405649,0.010621547982028245,0.0,0.0,-0.06830585141121961,-0.07892739939324786,0.25000001896149926,1.500000037922998,0.0005687498342571265
M1,2014-12,CLARABEL_SOLVED,988,1.9164684857944354,2.0536232372674044,0.010268116186337021,0.0,0.0,-0.06607074267534754,-0.07633885886168457,0.25000002887890305,1.5000000577578068,0.0011031250176734009
M1,2015-01,CLARABEL_SOLVED,989,2.047783175928641,2.0056790202602977,0.010028395101301489,0.0,0.0,-0.00844470215630541,-0.0184730972576069,0.2500000071820879,1.500000014364175,0.0012177083436719022
M1,2015-02,CLARABEL_SOLVED,989,1.8191255719248027,2.036296305226355,0.010181481526131774,0.0,0.0,0.03531045051376655,0.025128968987634774,0.2500000331258277,1.5000000662516562,0.001089583385123054
M1,2015-03,CLARABEL_SOLVED,992,1.9599761460486083,1.9857144022552284,0.009928572011276142,0.0,0.0,0.04891201622542743,0.038983444214151286,0.25000003676112614,1.5000000735222527,0.002027083566090049
M1,2015-04,CLARABEL_SOLVED,992,1.914862064788566,2.146087001137171,0.010730435005685855,0.0,0.0,-0.02791471451965249,-0.038645149525338346,0.2500000254966298,1.5000000509932585,0.0003796197300866299
M1,2015-05,CLARABEL_SOLVED,989,2.003233194891519,1.9533333369270562,0.009766666684635281,0.0,0.0,0.06823758093129739,0.05847091424666211,0.2500000091386757,1.5000000182773499,0.0007687500256230248
M1,2015-06,CLARABEL_SOLVED,991,1.7453050366053575,2.006672094339207,0.010033360471696036,0.0,0.0,-0.033487864089177144,-0.04352122456087318,0.25000000814870843,1.5000000162974154,0.0008697916727574827
M1,2015-07,CLARABEL_SOLVED,991,1.9642836048959318,1.982608707002477,0.009913043535012385,0.0,0.0,0.0058199988616107895,-0.0040930446734015954,0.2500000047993713,1.5000000095987416,0.002267708338619526
M1,2015-08,CLARABEL_SOLVED,992,1.7088460459288002,2.2958974756611368,0.011479487378305684,0.0,0.0,-0.06461170969885684,-0.07609119707716253,0.2500000215843854,1.5000000431687706,0.0005260417242778055
M1,2015-09,CLARABEL_SOLVED,995,1.9463812432397571,2.4158975815572434,0.012079487907786218,0.0,0.0,-0.1241076624407903,-0.1361871503485765,0.2500000196748965,1.5000000393497914,0.003979166986573217
M1,2015-10,CLARABEL_SOLVED,993,1.962856306821953,1.7211647169278574,0.008605823584639287,0.0,0.0,0.04950210169017792,0.040896278105538635,0.2500000174685786,1.5000000349371563,0.0010354165349877932
M1,2015-11,CLARABEL_SOLVED,993,1.94358301822809,1.9969975934629098,0.009984987967314549,0.0,0.0,0.0462027320188723,0.036217744051557754,0.2500000219391685,1.5000000438783374,0.003102083376669882
M1,2015-12,CLARABEL_SOLVED,991,1.867980067345593,2.14000056543273,0.01070000282716365,0.0,0.0,0.039794342517121606,0.029094339689957956,0.25000001135042005,1.5000000227008408,0.0008479168092750208
M1,2016-01,CLARABEL_SOLVED,992,1.883240527892521,2.2118181976034452,0.011059090988017226,0.0,0.0,-0.12206065522006763,-0.13311974620808487,0.25000000572596404,1.5000000114519265,0.002158333338696008
M1,2016-02,CLARABEL_SOLVED,990,1.8818451719997809,2.230646726451902,0.011153233632259509,0.0,0.0,-0.03916207121377247,-0.05031530484603198,0.25000000216669127,1.5000000043333825,0.0004041666718335011
M1,2016-03,CLARABEL_SOLVED,989,1.8046176457680694,2.3705882431067535,0.011852941215533768,0.0,0.0,0.0322582935439001,0.02040535232836633,0.25000001351165635,1.5000000270233143,0.001655208348045405
M1,2016-04,CLARABEL_SOLVED,993,1.8552679036570243,1.6300002370436302,0.00815000118521815,0.0,0.0,-0.02623209877475581,-0.03438209995997396,0.2500000440197443,1.500000088039489,0.0007312500525952874
M1,2016-05,CLARABEL_SOLVED,992,1.9872255679512996,1.4803921024092133,0.007401960512046066,0.0,0.0,0.08122395180022213,0.07382199128817606,0.25000002440991437,1.50000004881983,0.000977083688540787
M1,2016-06,CLARABEL_SOLVED,988,1.6278891231514283,1.6831943756868393,0.008415971878434196,0.0,0.0,0.029920180876921443,0.021504208998487248,0.2500000101280586,1.500000020256118,0.002877083343811727
M1,2016-07,CLARABEL_SOLVED,991,1.6759391002922026,2.494690334262981,0.012473451671314906,0.0,0.0,0.09403515884123564,0.08156170716992074,0.25000001153339063,1.5000000230667805,0.0011093750373410134
M1,2016-08,CLARABEL_SOLVED,991,1.8427863811126302,2.372727284388315,0.011863636421941576,0.0,0.0,-0.013077292323665293,-0.02494092874560687,0.25000000679191603,1.5000000135838336,0.001425000007920441
M1,2016-09,CLARABEL_SOLVED,990,1.9877800803484325,1.8888585994018205,0.009444292997009104,0.0,0.0,0.03344318616031574,0.023998893163306636,0.2500000031394287,1.5000000062788579,0.0004500000030481905
M1,2016-10,CLARABEL_SOLVED,989,1.828234872867298,2.222346377718872,0.011111731888594361,0.0,0.0,-0.008354486454824974,-0.019466218343419335,0.2500000071179378,1.5000000142358763,0.0012808622191147635
M1,2016-11,CLARABEL_SOLVED,990,1.8076180453857695,2.1051753444178205,0.010525876722089102,0.0,0.0,0.16563123048467907,0.15510535376258996,0.2500000038600806,1.5000000077201605,0.000915625004844193
M1,2016-12,CLARABEL_SOLVED,990,1.8931360084385358,2.585291525359082,0.01292645762679541,0.0,0.0,0.006190629028063065,-0.006735828598732344,0.25000001676820893,1.5000000335364172,0.00047812502575027846
M1,2017-01,CLARABEL_SOLVED,991,2.0265921652853778,2.188695506460175,0.010943477532300875,0.0,0.0,0.06976133879161511,0.058817861259314236,0.2500000237944736,1.500000047588946,0.0023614586099377425
M1,2017-02,CLARABEL_SOLVED,988,1.5879088956589844,2.218530701978386,0.01109265350989193,0.0,0.0,0.014097262046050964,0.0030046085361590345,0.2500000208157455,1.5000000416314911,0.0008312500993919543
M1,2017-03,CLARABEL_SOLVED,992,1.7645818725899511,2.3021310652934526,0.011510655326467263,0.0,0.0,-0.04925512347791941,-0.060765778804386675,0.250000010228613,1.5000000204572261,0.002220041533479449
M1,2017-04,CLARABEL_SOLVED,994,1.9402951157920485,2.407857564607621,0.012039287823038106,0.0,0.0,-0.016928037784006287,-0.028967325607044393,0.2500000241534255,1.500000048306851,0.0006833334010602025
M1,2017-05,CLARABEL_SOLVED,992,1.8397340904626551,2.058742987820191,0.010293714939100956,0.0,0.0,-0.003788887600818777,-0.014082602539919734,0.2500000070369025,1.5000000140738052,0.0021166667544935116
M1,2017-06,CLARABEL_SOLVED,991,1.653674239987252,2.2360194439972423,0.011180097219986211,0.0,0.0,0.07362082282137186,0.06244072560138565,0.2500000225249364,1.5000000450498718,0.0009604167726677466
M1,2017-07,CLARABEL_SOLVED,991,1.9936667260241985,2.0521558604712755,0.010260779302356377,0.0,0.0,0.04608966335484675,0.03582888405249038,0.25000001632460866,1.500000032649218,0.0035315465688583606
M1,2017-08,CLARABEL_SOLVED,993,1.8010829595920494,2.302732635351127,0.011513663176755635,0.0,0.0,0.07939079618791012,0.06787713301115449,0.2500000130255412,1.5000000260510822,0.001530208344023522
M1,2017-09,CLARABEL_SOLVED,990,1.8298510567632529,2.2009091465395194,0.011004545732697598,0.0,0.0,0.04073932189228803,0.029734776159590432,0.2500000370208267,1.5000000740416537,0.0025562505047085084
M1,2017-10,CLARABEL_SOLVED,993,2.0696661126947107,2.124827582375292,0.010624137911876459,0.0,0.0,0.012451906466021652,0.0018277685541451937,0.25000000567483244,1.5000000113496648,0.0028773168415114855
M1,2017-11,CLARABEL_SOLVED,995,1.8118353014014172,2.1550000130395093,0.010775000065197547,0.0,0.0,-0.007459226485543882,-0.01823422655074143,0.25000000671891937,1.5000000134378384,0.001050000027082136
M1,2017-12,CLARABEL_SOLVED,997,1.9761378664807923,2.3570051237662315,0.011785025618831158,0.0,0.0,0.031203135819930387,0.01941811020109923,0.2500000097250267,1.500000019450054,0.0011199344541468804
M1,2018-01,CLARABEL_SOLVED,995,1.9898172903221063,1.7740749060570407,0.008870374530285203,0.0,0.0,0.10331047334732335,0.09444009881703815,0.2500000058858437,1.5000000117716887,0.0020302082987355536
M1,2018-02,CLARABEL_SOLVED,993,1.8410118975943721,2.1457142756757355,0.010728571378378678,0.0,0.0,-0.07823024880531149,-0.08895882018369017,0.25000000205494766,1.5000000041098955,0.001759375005118355
M1,2018-03,CLARABEL_SOLVED,992,2.075369984653504,2.449534855628658,0.01224767427814329,0.0,0.0,-0.040951791388904785,-0.05319946566704807,0.2500000170091615,1.5000000340183235,0.0013174366443965187
M1,2018-04,CLARABEL_SOLVED,994,2.05630641692863,1.9891139566319032,0.009945569783159516,0.0,0.0,-0.008894335175567468,-0.018839904958726984,0.2500000292160577,1.5000000584321156,0.004072559312682537
M1,2018-05,CLARABEL_SOLVED,990,1.9440589700329185,1.6176471139103663,0.008088235569551832,0.0,0.0,0.13318108069277296,0.12509284512322114,0.2500000409417692,1.5000000818835395,0.0020330275501424908
M1,2018-06,CLARABEL_SOLVED,992,1.8729112128391552,2.2999999188566047,0.011499999594283024,0.0,0.0,0.006772947262278253,-0.004727052332004772,0.25000001394975524,1.5000000278995111,0.002102400109380697
M1,2018-07,CLARABEL_SOLVED,997,1.9920246500935788,1.9582338236656298,0.00979116911832815,0.0,0.0,0.0023083476129642727,-0.007482821505363877,0.2500000247232697,1.5000000494465402,0.0013599271421596009
M1,2018-08,CLARABEL_SOLVED,995,1.891562037739521,2.1631692259939683,0.010815846129969843,0.0,0.0,0.10325618874850567,0.09244034261853583,0.2500000137885882,1.5000000275771759,0.0005781832425348337
M1,2018-09,CLARABEL_SOLVED,996,1.6919416520408328,1.9962456625149758,0.00998122831257488,0.0,0.0,-0.05521669680078134,-0.06519792511335622,0.2500000159172078,1.500000031834415,0.0007188795177190906
M1,2018-10,CLARABEL_SOLVED,995,1.8786091516589698,2.0372308066803573,0.010186154033401786,0.0,0.0,-0.11231341793382815,-0.12249957196722994,0.25000001544749456,1.5000000308949892,0.004014343384488945
M1,2018-11,CLARABEL_SOLVED,995,1.945431925356248,1.9358475204837695,0.009679237602418848,0.0,0.0,0.012317361471910808,0.0026381238694919602,0.2500000125225794,1.5000000250451588,0.001658212954495019
M1,2018-12,CLARABEL_SOLVED,994,1.9355051142912363,2.5007555042285277,0.012503777521142638,0.0,0.0,-0.11650695493785311,-0.12901073245899575,0.25000000213897056,1.5000000042779411,0.0008956949962608051
M1,2019-01,CLARABEL_SOLVED,996,1.8103320301948882,2.3023529845964656,0.011511764922982328,0.0,0.0,0.135282429620098,0.12377066469711569,0.25000003607974647,1.500000072159492,0.0004531212566876177
M1,2019-02,CLARABEL_SOLVED,994,1.8781190690992826,2.3527821274204777,0.011763910637102389,0.0,0.0,0.03300095679628908,0.021237046159186694,0.2500000053337022,1.5000000106674043,0.0013619795044294476
M1,2019-03,CLARABEL_SOLVED,993,1.9336649012234592,1.9028571505954976,0.009514285752977488,0.0,0.0,0.00783484631577586,-0.0016794394372016287,0.2500000045565573,1.5000000091131143,0.002398226703308818
M1,2019-04,CLARABEL_SOLVED,993,1.8949133842109211,2.312432741305008,0.01156216370652504,0.0,0.0,0.0013095235184184383,-0.010252640188106602,0.25000002094701346,1.5000000418940256,0.0009350637264789207
M1,2019-05,CLARABEL_SOLVED,994,1.971220307288921,1.9933336983907597,0.009966668491953799,0.0,0.0,-0.000430798538161966,-0.010397467030115765,0.25000000874191125,1.5000000174838226,0.0007620723137538183
M1,2019-06,CLARABEL_SOLVED,992,1.774865246055544,2.2237368293893764,0.011118684146946882,0.0,0.0,0.09818781379677465,0.08706912964982777,0.2500000107841901,1.500000021568379,0.0017486019641038738
M1,2019-07,CLARABEL_SOLVED,989,1.9084590989483152,2.1923809801483856,0.010961904900741929,0.0,0.0,0.011280478889327195,0.00031857398858526655,0.25000002531461374,1.5000000506292284,0.00462779893088157
M1,2019-08,CLARABEL_SOLVED,989,1.862304154525712,1.6417583016919652,0.008208791508459826,0.0,0.0,-0.05004100256082657,-0.05824979406928639,0.25000001832161,1.5000000366432193,0.0007817739676096867
M1,2019-09,CLARABEL_SOLVED,991,1.7239797071058784,2.1843243544336173,0.010921621772168086,0.0,0.0,-0.0020461371363531752,-0.012967758908521261,0.2500000238491115,1.5000000476982223,0.0013557062647771665
M1,2019-10,CLARABEL_SOLVED,991,2.207198762714583,2.3873684637132646,0.011936842318566324,0.0,0.0,0.01863868765292934,0.006701845334363016,0.25000000857612353,1.5000000171522463,0.0011415889541766444
M1,2019-11,CLARABEL_SOLVED,991,1.8070400175215224,2.0138192546827085,0.010069096273413543,0.0,0.0,0.029925224150722844,0.019856127877309303,0.250000012388854,1.5000000247777077,0.0004096709219754122
M1,2019-12,CLARABEL_SOLVED,994,1.9002746390396126,2.011015215666997,0.010055076078334986,0.0,0.0,0.02007253104776828,0.010017454969433294,0.2500000339775329,1.5000000679550667,0.0002012761554594872
M1,2020-01,CLARABEL_SOLVED,994,1.8969243912989353,1.7577366951850575,0.008788683475925287,0.0,0.0,0.04170500426624439,0.0329163207903191,0.2500000103471776,1.5000000206943551,0.0006111024543832618
M1,2020-02,CLARABEL_SOLVED,991,1.7271667532862882,1.7488889024934253,0.008744444512467127,0.0,0.0,-0.050064050879036606,-0.058808495391503735,0.2500000067741535,1.500000013548307,0.0018087203026301538
M1,2020-03,CLARABEL_SOLVED,996,1.7668727382931884,2.016466265924343,0.010082331329621715,0.0,0.0,-0.14181600505019104,-0.15189833637981276,0.2500000220189027,1.5000000440378054,0.0021419393438556885
M1,2020-04,CLARABEL_SOLVED,993,1.8192410992461518,1.6608623210902353,0.008304311605451177,0.0,0.0,0.3966292703373448,0.3883249587318936,0.2500000013869017,1.5000000027738019,0.0011159122546458584
M1,2020-05,CLARABEL_SOLVED,991,1.9629329999904708,2.4405076595558457,0.012202538297779229,0.0,0.0,0.05766052572815589,0.045457987430376656,0.25000000467971134,1.5000000093594208,0.001126626882967081
M1,2020-06,CLARABEL_SOLVED,992,1.8472273993219386,1.3792986828152174,0.006896493414076087,0.0,0.0,0.043111631629573495,0.036215138215497406,0.25000001867002963,1.5000000373400582,0.0031583755437775045
M1,2020-07,CLARABEL_SOLVED,998,1.828247864403769,1.4923596365900218,0.0074617981829501094,0.0,0.0,0.04537009207725898,0.037908293894308866,0.2500000276425864,1.5000000552851727,0.004269160709894003
M1,2020-08,CLARABEL_SOLVED,997,1.787266463184982,1.7579247921983967,0.008789623960991984,0.0,0.0,0.14215637943013096,0.13336675546913898,0.2500000080402353,1.5000000160804698,0.002317926665846782
M1,2020-09,CLARABEL_SOLVED,997,2.0169282307968017,1.9949103358618867,0.009974551679309433,0.0,0.0,-0.06449791794156158,-0.074472469620871,0.25000001374053654,1.5000000274810708,0.000119073008702155
M1,2020-10,CLARABEL_SOLVED,995,1.9543038806986035,2.2136709037808115,0.011068354518904058,0.0,0.0,-0.053834825123894495,-0.06490317964279856,0.25000000951340484,1.500000019026809,0.001560029105961549
M1,2020-11,CLARABEL_SOLVED,995,2.109537906837206,1.9487625049867858,0.009743812524933929,0.0,0.0,0.3243801764554153,0.31463636393048133,0.2500000113761146,1.5000000227522288,0.0020728150448252906
M1,2020-12,CLARABEL_SOLVED,999,1.7874750882087347,1.8339258957467024,0.009169629478733511,0.0,0.0,0.013203094644444585,0.004033465165711073,0.25000001168905644,1.5000000233781134,0.004136118469996156
M1,2021-01,CLARABEL_SOLVED,1000,2.140147554094309,1.6052925076611901,0.00802646253830595,0.0,0.0,0.13120128421356786,0.1231748216752619,0.25000002145144257,1.5000000429028857,0.0008117687831694909
M1,2021-02,CLARABEL_SOLVED,998,1.8856160385806415,1.6550720353970931,0.008275360176985465,0.0,0.0,-0.06176216570276393,-0.0700375258797494,0.2500000071331555,1.5000000142663104,0.0014628965568071921
M1,2021-03,CLARABEL_SOLVED,999,1.8675206181538873,1.5403572944660313,0.007701786472330157,0.0,0.0,0.017282916449109613,0.009581129976779457,0.25000001494140395,1.5000000298828065,0.0021122892261926604
M1,2021-04,CLARABEL_SOLVED,998,2.049181573057828,2.074613702932552,0.01037306851466276,0.0,0.0,-0.03275516704936193,-0.04312823556402469,0.2500000063925006,1.5000000127850008,0.0032779710353950187
M1,2021-05,CLARABEL_SOLVED,997,1.6441382320689233,2.16080515384832,0.010804025769241601,0.0,0.0,-0.005880394430631798,-0.0166844201998734,0.25000001489167234,1.5000000297833445,0.0018570605889904508
M1,2021-06,CLARABEL_SOLVED,999,1.8555484737219525,1.7911504693853997,0.008955752346926998,0.0,0.0,0.08410736120899816,0.07515160886207116,0.2500000169204071,1.5000000338408133,0.002666382824484099
M1,2021-07,CLARABEL_SOLVED,998,1.6904881877286937,2.0995818089480873,0.010497909044740437,0.0,0.0,-0.04204963579728581,-0.05254754484202624,0.25000002381162145,1.500000047623244,0.002290712841247246
M1,2021-08,CLARABEL_SOLVED,997,2.0748422273353846,2.4327780240556898,0.012163890120278449,0.0,0.0,-0.043514357685703636,-0.05567824780598209,0.25000004019773636,1.5000000803954738,0.002355383962572805
M1,2021-09,CLARABEL_SOLVED,998,1.7728483695767916,2.193837064055205,0.010969185320276026,0.0,0.0,-0.023149772737811006,-0.03411895805808703,0.2500000230940336,1.5000000461880671,0.0017065427485129794
M1,2021-10,CLARABEL_SOLVED,998,1.9091105098838204,2.2005810763516203,0.011002905381758101,0.0,0.0,0.02128516920708461,0.010282263825326508,0.2500000218747995,1.5000000437495982,0.0017412525004718029
M1,2021-11,CLARABEL_SOLVED,997,1.6757970586734132,2.4396718882445416,0.012198359441222708,0.0,0.0,-0.062469850029688856,-0.07466820947091156,0.2500000042081557,1.5000000084163105,0.003233561113681848
M1,2021-12,CLARABEL_SOLVED,994,1.8538281871334485,2.1805435532270954,0.010902717766135477,0.0,0.0,-0.07559458463316115,-0.08649730239929664,0.2500000130958518,1.5000000261917028,0.0004532991706874025
M1,2022-01,CLARABEL_SOLVED,993,2.0674165630983867,2.0546806040164185,0.010273403020082093,0.0,0.0,-0.10950620588894142,-0.1197796089090235,0.2500000070896134,1.5000000141792271,0.004176797494184313
M1,2022-02,CLARABEL_SOLVED,991,1.9152684280681003,2.0343114203740873,0.010171557101870437,0.0,0.0,-0.03287150395599025,-0.04304306105786068,0.25000000424238233,1.500000008484765,0.0019749426872195833
M1,2022-03,CLARABEL_SOLVED,993,1.8056117515151868,2.074615664271184,0.01037307832135592,0.0,0.0,0.011722372629738546,0.0013492943083826259,0.2500000202327945,1.5000000404655691,0.0010420953997080167
M1,2022-04,CLARABEL_SOLVED,990,1.8841403641884868,1.8626087395822317,0.00931304369791116,0.0,0.0,-0.04990070918113819,-0.05921375287904935,0.250000013562294,1.5000000271245884,0.0010849244417373664
M1,2022-05,CLARABEL_SOLVED,991,1.8369023820690087,1.628156580578079,0.008140782902890395,0.0,0.0,0.014293371258413562,0.006152588355523167,0.2500000073465213,1.5000000146930426,0.002634874304228344
M1,2022-06,CLARABEL_SOLVED,990,1.8255219721147473,1.856668526994925,0.009283342634974625,0.0,0.0,-0.12608804700755155,-0.13537138964252618,0.2500000171493195,1.5000000342986382,0.0013302138774652153
M1,2022-07,CLARABEL_SOLVED,991,2.0367538280444606,2.0245421428600094,0.010122710714300048,0.0,0.0,0.1390440924363156,0.12892138172201556,0.25000000574878667,1.5000000114975731,0.0008405987197952513
M1,2022-08,CLARABEL_SOLVED,988,1.9788270910072965,1.899130487111598,0.00949565243555799,0.0,0.0,0.07816383784035669,0.0686681854047987,0.25000003220870826,1.500000064417418,0.0021479271247911223
M1,2022-09,CLARABEL_SOLVED,983,1.8858723209899166,1.6602572159183278,0.008301286079591639,0.0,0.0,-0.08554658060046917,-0.09384786668006082,0.2500000280460489,1.500000056092098,0.0020156225876904366
M1,2022-10,CLARABEL_SOLVED,977,1.8817460897180596,1.6896629722399341,0.00844831486119967,0.0,0.0,0.16749337444742596,0.15904505958622628,0.25000004594634767,1.5000000918926957,0.0013746580811181673
M1,2022-11,CLARABEL_SOLVED,970,1.7771198652792952,2.0918404557275725,0.010459202278637862,0.0,0.0,0.012094277269283553,0.0016350749906456907,0.25000001687747264,1.500000033754945,0.0013375889451443124
M1,2022-12,CLARABEL_SOLVED,969,1.9991718835386063,1.7905263346740548,0.008952631673370274,0.0,0.0,-0.05649328422014148,-0.06544591589351176,0.2500000173715045,1.5000000347430094,0.0025801168177111092
M1,2023-01,CLARABEL_SOLVED,973,1.7952378944690037,1.677662363502304,0.008388311817511521,0.0,0.0,0.04322832692244351,0.03484001510493199,0.25000001391278037,1.5000000278255607,0.001907655569928842
M1,2023-02,CLARABEL_SOLVED,972,2.0871763037530053,1.5315789675800633,0.007657894837900317,0.0,0.0,0.011746314683308267,0.00408841984540795,0.2500000116521667,1.500000023304335,0.006408054988562763
M1,2023-03,CLARABEL_SOLVED,975,1.8487970663450748,1.5801846622214983,0.007900923311107491,0.0,0.0,0.0026117487650129598,-0.005289174546094531,0.2500000298432805,1.500000059686562,0.0074871982534874095
M1,2023-04,CLARABEL_SOLVED,985,1.8818804865556145,1.9652174473064605,0.009826087236532303,0.0,0.0,-0.3879954943603562,-0.39782158159688846,0.2500000114141723,1.5000000228283443,0.004386124290750067
M1,2023-05,CLARABEL_SOLVED,983,1.9166592736769346,2.243841955522017,0.011219209777610085,0.0,0.0,0.08274567003805955,0.07152646026044947,0.2500000117232075,1.5000000234464153,0.009707096754941212
M1,2023-06,CLARABEL_SOLVED,988,1.8615098792654425,1.898946018328997,0.009494730091644985,0.0,0.0,0.0418528563389238,0.032358126247278816,0.2500000087975534,1.5000000175951071,0.00592406446121204
M1,2023-07,CLARABEL_SOLVED,987,2.0444966317505724,1.6612121236562059,0.00830606061828103,0.0,0.0,0.03606884050905163,0.027762779890770604,0.2500000223756502,1.5000000447513,0.0025996388745216266
M1,2023-08,CLARABEL_SOLVED,986,1.8214673508021426,1.8932530156358984,0.009466265078179492,0.0,0.0,0.04311577486877011,0.033649509790590615,0.2500000111101247,1.50000002222025,0.0037857921705569085
M1,2023-09,CLARABEL_SOLVED,992,1.8124140411847733,1.730560791868569,0.008652803959342845,0.0,0.0,-0.11750042897306605,-0.1261532329324089,0.25000001745501776,1.5000000349100358,0.003725876275732771
M1,2023-10,CLARABEL_SOLVED,992,1.8017765130538297,1.698423529497771,0.008492117647488855,0.0,0.0,-0.01141621285168361,-0.019908330499172462,0.25000002144683,1.5000000428936595,0.008746010990379968
M1,2023-11,CLARABEL_SOLVED,990,1.8967402368194421,1.8114128263444358,0.009057064131722178,0.0,0.0,0.17907969003309898,0.1700226259013768,0.25000002704322377,1.500000054086448,0.006813777024645392
M1,2023-12,CLARABEL_SOLVED,992,1.9760794528998216,2.037915595827946,0.010189577979139731,0.0,0.0,0.04637149998828031,0.036181922009140575,0.25000002784922537,1.5000000556984507,0.0037541147499397334
M1,2024-01,CLARABEL_SOLVED,991,1.9733362914919734,1.9304200161253973,0.009652100080626986,0.0,0.0,0.0005609924345792994,-0.009091107646047687,0.25000001684052287,1.5000000336810455,0.005009547241827049
M1,2024-02,CLARABEL_SOLVED,990,1.6868002723835216,1.531309782964381,0.007656548914821905,0.0,0.0,-0.004651634027119105,-0.012308182941941009,0.2500000111937808,1.500000022387562,0.0012888769120749806
M1,2024-03,CLARABEL_SOLVED,991,1.946758014894436,1.5990103788819758,0.007995051894409879,0.0,0.0,0.001889163381183316,-0.006105888513226563,0.2500000202018502,1.5000000404037013,0.0014915061032629877
M1,2024-04,CLARABEL_SOLVED,992,1.9965969652140632,1.4532710442377583,0.007266355221188792,0.0,0.0,-0.09022508272971438,-0.09749143795090318,0.25000001469241473,1.5000000293848303,0.0016310939528717686
M1,2024-05,CLARABEL_SOLVED,994,1.9526979399200535,1.8886482256499593,0.009443241128249796,0.0,0.0,0.07964522169178735,0.07020198056353756,0.250000002203561,1.500000004407121,0.005132647171045059
M1,2024-06,CLARABEL_SOLVED,994,1.8779498447901886,1.9133954676434053,0.009566977338217026,0.0,0.0,0.03987387861204342,0.03030690127382639,0.25000000768287933,1.5000000153657593,0.024268618997423504
M1,2024-07,CLARABEL_SOLVED,995,1.981187093808763,1.959395477331862,0.00979697738665931,0.0,0.0,0.05880372338966297,0.04900674600300366,0.2500000185391058,1.5000000370782112,0.00981845284315811
M1,2024-08,CLARABEL_SOLVED,995,2.236866641916635,2.1572956230633356,0.010786478115316678,0.0,0.0,0.053167335417938236,0.04238085730262156,0.25000001259157156,1.5000000251831436,0.0005946485465260628
M1,2024-09,CLARABEL_SOLVED,995,1.7923496673196768,1.8377851264017182,0.009188925632008592,0.0,0.0,0.01590690979577708,0.006717984163768488,0.25000002569410884,1.5000000513882172,0.0161329067557362
M1,2024-10,CLARABEL_SOLVED,998,1.8186036068941676,1.9757498754307772,0.009878749377153885,0.0,0.0,-0.012549857155386642,-0.02242860653254053,0.2500000041848815,1.500000008369763,0.005220937805462844
M1,2024-11,CLARABEL_SOLVED,997,1.5996861939922062,1.4281344421081759,0.00714067221054088,0.0,0.0,0.11920132323527773,0.11206065102473685,0.25000000429716773,1.500000008594335,0.0027988275233278305
M1,2024-12,CLARABEL_SOLVED,998,1.6920121829163115,1.596711841915388,0.00798355920957694,0.0,0.0,-0.1402202317121004,-0.14820379092167735,0.2500000054119093,1.5000000108238178,0.009591812775962577
M1,2025-01,CLARABEL_SOLVED,999,1.7453684264261011,1.8627798521881096,0.009313899260940547,0.0,0.0,0.0750079044638638,0.06569400520292325,0.2500000086704113,1.500000017340824,0.004234566437341778
M1,2025-02,CLARABEL_SOLVED,997,1.8525287226961435,1.6172416928862143,0.008086208464431071,0.0,0.0,-0.03535346602169029,-0.04343967448612136,0.25000000561339475,1.5000000112267897,0.009428060535187478
M1,2025-03,CLARABEL_SOLVED,998,2.12726690031287,2.2109974357770614,0.011054987178885308,0.0,0.0,-0.06864511739024193,-0.07970010456912724,0.2500000032311609,1.5000000064623213,0.0006619695139673095
M1,2025-04,CLARABEL_SOLVED,997,2.0591454739326247,1.7969113270444799,0.0089845566352224,0.0,0.0,0.07960672909196807,0.07062217245674568,0.2500000137509009,1.5000000275018022,0.0032405001029285276
M1,2025-05,CLARABEL_SOLVED,998,1.6032560968816105,2.4164253876379833,0.012082126938189917,0.0,0.0,0.10548337265647709,0.09340124571828717,0.2500000224725427,1.500000044945084,0.002127774266545178
M1,2025-06,CLARABEL_SOLVED,997,1.7174526517414044,2.0083697746429037,0.010041848873214519,0.0,0.0,0.04695337768823857,0.03691152881502405,0.25000001313668047,1.5000000262733604,0.0030042924190898487
M1,2025-07,CLARABEL_SOLVED,997,1.459901785743818,1.6231963350022163,0.008115981675011081,0.0,0.0,0.008546112683546981,0.0004301310085358997,0.2500000151650476,1.5000000303300947,0.006477597102034469
M1,2025-08,CLARABEL_SOLVED,996,1.7567494872837783,1.5614269169683903,0.007807134584841952,0.0,0.0,0.012703446778183145,0.004896312193341193,0.2500000353424743,1.500000070684948,0.0031411737383714184
M1,2025-09,CLARABEL_SOLVED,996,1.7887742983227748,1.9502316461776048,0.009751158230888025,0.0,0.0,0.04925785222131292,0.03950669399042489,0.2500000298444033,1.500000059688806,0.0008283586044374373
M1,2025-10,CLARABEL_SOLVED,996,1.5236243099629891,1.8508457734010346,0.009254228867005174,0.0,0.0,0.04387870435291796,0.03462447548591279,0.2500000313186054,1.5000000626372105,0.02127787788474731
M1,2025-11,CLARABEL_SOLVED,995,1.6196799837360303,1.8069191614650106,0.009034595807325053,0.0,0.0,-0.09396780351403886,-0.1030023993213639,0.2500000120847306,1.5000000241694607,0.001954664545516006
M1,2025-12,CLARABEL_SOLVED,996,2.068038265162768,2.134659188036113,0.010673295940180565,0.0,0.0,-0.08275539597171078,-0.09342869191189135,0.25000001052944465,1.5000000210588897,0.0018665105816956643
M2,2007-01,CLARABEL_SOLVED,856,1.8635413130639835,2.3457943650737323,0.011728971825368662,0.0003593750082644784,3.0936612871252496e-05,0.04088575773403433,0.028828347513272443,0.25000001973958835,1.5000000394791762,0.0003593750082644784
M2,2007-02,CLARABEL_SOLVED,952,1.8078257589602038,2.0568421632149243,0.010284210816074621,0.0009427083613765101,1.0352018880637927e-05,-0.058499777718072465,-0.06971634487664297,0.2500000232511115,1.500000046502222,0.0009427083613765101
M2,2007-03,CLARABEL_SOLVED,955,1.9379992979477472,1.7637367334290186,0.008818683667145093,0.0006408877706773719,1.611792675683272e-05,0.02372947454599153,0.014286021034925897,0.2500000203190395,1.5000000406380791,0.0006408877706773719
M2,2007-04,CLARABEL_SOLVED,949,1.7876089152939738,2.133039275676139,0.010665196378380695,0.0009322916959556701,1.6944050590286198e-05,0.06303529333621638,0.0514547493124703,0.25000002959545625,1.500000059190913,0.0009322916959556701
M2,2007-05,CLARABEL_SOLVED,953,1.7630576066646488,2.2366660651720585,0.011183330325860292,0.001529349537650133,3.850178487309262e-06,0.07460466722968362,0.061895837544660506,0.25000000927174526,1.5000000185434925,0.001529349537650133
M2,2007-06,CLARABEL_SOLVED,949,1.8195573511743626,2.043908063089149,0.010219540315445745,0.0017458333497082181,2.083443209203978e-05,0.005854826110608655,-0.006089713122453268,0.25000001280478057,1.5000000256095614,0.0017458333497082181
M2,2007-07,CLARABEL_SOLVED,955,1.7954663699780782,2.121904904689874,0.01060952452344937,0.0004000000325785714,2.9112444974828846e-13,-0.047704329492886964,-0.05871385404862378,0.2500000363972778,1.500000072794556,0.0004000000325785714
M2,2007-08,CLARABEL_SOLVED,962,1.7620284216661684,2.4970149825425487,0.012485074912712744,0.0005843750321413751,3.6998411017372957e-13,0.06270005653326291,0.04963060658877877,0.25000003914340996,1.5000000782868215,0.0005843750321413751
M2,2007-09,CLARABEL_SOLVED,959,1.748075374291064,2.468767446000418,0.01234383723000209,0.0003916666638247928,4.414541302266666e-06,0.10039672172576922,0.08766563237324458,0.2500000057626302,1.5000000115252594,0.0003916666638247928
M2,2007-10,CLARABEL_SOLVED,950,1.7372189550124846,2.359459491776213,0.011797297458881065,0.0018958333590075173,2.08164049267975e-05,0.011040959879501301,-0.0026313545334604835,0.250000015273266,1.5000000305465324,0.0018958333590075173
M2,2007-11,CLARABEL_SOLVED,954,1.8571708997135778,1.9988853598722633,0.009994426799361317,0.0007822916764864954,1.1810788178788217e-05,-0.09871138961686615,-0.10947629730453518,0.2500000115572162,1.5000000231144313,0.0007822916764864954
M2,2007-12,CLARABEL_SOLVED,954,1.9181477839369117,2.211688337430491,0.011058441687152457,0.0001562500688015302,8.718895090122762e-06,0.033446190794330526,0.02224021793346666,0.25000002398940946,1.5000000479788187,0.0001562500688015302
M2,2008-01,CLARABEL_SOLVED,960,1.9333604583607347,2.139330645817121,0.010696653229085605,0.0015666666763882167,1.5429112422369907e-05,-0.0860627532878445,-0.09831064408089595,0.2500000087252624,1.5000000174505257,0.0015666666763882167
M2,2008-02,CLARABEL_SOLVED,962,2.1729899452829553,1.742474311295246,0.008712371556476231,0.0007104167016600818,1.1578260286312462e-05,0.03998809341467416,0.030576883416824158,0.25000004122593117,1.500000082451861,0.0007104167016600818
M2,2008-03,CLARABEL_SOLVED,952,1.920897546402586,1.7509100503136021,0.008754550251568011,0.0005104166752877889,2.2885807138269987e-06,-0.041102863448851445,-0.05036554179499342,0.2500000077790078,1.5000000155580158,0.0005104166752877889
M2,2008-04,CLARABEL_SOLVED,956,2.0388376638155266,2.065237815547321,0.010326189077736605,0.0006145833670798091,2.342111350983361e-05,0.14420313123591053,0.13328577990460394,0.25000002301411056,1.5000000460282217,0.0006145833670798091
M2,2008-05,CLARABEL_SOLVED,955,1.904840363545749,1.9547050897140643,0.009773525448570321,0.0006656250176660793,7.172148939954383e-06,0.0738489095574035,0.06341693124010706,0.25000000618169105,1.5000000123633805,0.0006656250176660793
M2,2008-06,CLARABEL_SOLVED,956,1.8511976797525116,1.7780945113353148,0.008890472556676575,0.0006104167138778163,1.2222396094075092e-05,-0.03061400328675369,-0.04010267016121401,0.25000002191087717,1.5000000438217551,0.0006104167138778163
M2,2008-07,CLARABEL_SOLVED,957,1.8162531560722688,1.5412121526440696,0.007706060763220349,0.0007041667544477738,2.547391860407833e-05,0.013806841896130963,0.005422088297066918,0.2500000338730488,1.5000000677460972,0.0007041667544477738
M2,2008-08,CLARABEL_SOLVED,962,2.2109090910977955,1.8245454587210181,0.00912272729360509,0.0006927083782518946,1.6805643192386656e-05,-0.06780250842377483,-0.07760113845243943,0.25000002522878295,1.5000000504575652,0.0006927083782518946
M2,2008-09,CLARABEL_SOLVED,966,2.0781662599279143,1.7753488455225572,0.008876744227612787,0.0010229166615236696,9.964561319048342e-13,-0.21034538831585914,-0.22024504920399915,0.25000001780114367,1.5000000356022878,0.0010229166615236696
M2,2008-10,CLARABEL_SOLVED,955,1.9976636574708728,1.6857143611615582,0.008428571805807791,0.0005395833629237424,1.2298454266581389e-05,-0.27004072122496425,-0.2789965779394292,0.25000003243046004,1.500000064860921,0.0005395833629237424
M2,2008-11,CLARABEL_SOLVED,963,1.6835859280475989,1.9349425506516675,0.009674712753258338,0.00038125001366405857,1.0510965857889932e-05,-0.10346416513044077,-0.11350961693150527,0.2500000194347453,1.5000000388694912,0.00038125001366405857
M2,2008-12,CLARABEL_SOLVED,964,1.7363747607782631,2.1641542203279345,0.010820771101639672,0.0004583333649426895,2.367739754370226e-06,0.013931590863452789,0.0026548541366247977,0.25000001176620334,1.500000023532407,0.0004583333649426895
M2,2009-01,CLARABEL_SOLVED,969,1.9273681320920848,1.7612338041124325,0.008806169020562162,0.00010937500882307609,3.7675134058737626e-14,-0.08722996787092793,-0.0961455119002755,0.25000001002548455,1.5000000200509684,0.00010937500882307609
M2,2009-02,CLARABEL_SOLVED,964,1.8343176239217012,1.7460869829420118,0.00873043491471006,0.00041250002290222054,2.8529705238778446e-06,-0.12032016168915699,-0.1294602436562454,0.25000001826910473,1.50000003653821,0.00041250002290222054
M2,2009-03,CLARABEL_SOLVED,970,1.7594926155758273,1.690289084584345,0.008451445422921726,0.00046041667851821997,6.882349129313397e-06,0.05101105182499878,0.04210607207268815,0.25000001638255215,1.5000000327651057,0.00046041667851821997
M2,2009-04,CLARABEL_SOLVED,972,1.9245443192692426,1.7103354721162303,0.008551677360581152,0.000559375012692902,1.1700112963586046e-05,-0.025787314741518803,-0.03488666700182927,0.25000001655305265,1.5000000331061054,0.000559375012692902
M2,2009-05,CLARABEL_SOLVED,972,1.9712882857948546,1.6832345135959292,0.008416172567979647,0.00026870836466536625,5.294326798373846e-06,0.1028150476430206,0.09413546103717396,0.250000003017253,1.5000000060345058,0.00026870836466536625
M2,2009-06,CLARABEL_SOLVED,968,1.8982608140797492,1.657956426765877,0.008289782133829386,0.00016624325682930769,5.161243083560612e-06,0.009730000277307568,0.0012791361297324355,0.25000000095967767,1.500000001919355,0.00016624325682930769
M2,2009-07,CLARABEL_SOLVED,975,1.8482792543423026,1.7175738903396978,0.008587869451698489,0.0013812500279291324,1.568308919994748e-05,0.034203286126305445,0.024249849735877772,0.250000037835592,1.500000075671185,0.0013812500279291324
M2,2009-08,CLARABEL_SOLVED,973,1.8409537932082576,1.6423504748810536,0.008211752374405268,0.00018020835892209323,1.8238992247443505e-05,-0.03229321628374324,-0.04066693802482316,0.25000002957818784,1.5000000591563758,0.00018020835892209323
M2,2009-09,CLARABEL_SOLVED,964,1.820335678063304,1.454404339371563,0.007272021696857815,0.0007989583398338977,2.6089805135210574e-05,0.04727524515262923,0.03923035492107272,0.2500000105713468,1.500000021142695,0.0007989583398338977
M2,2009-10,CLARABEL_SOLVED,962,1.8497384997752295,1.6949008137282118,0.008474504068641059,0.0008966926449857497,3.372171520473213e-05,0.0009754303875478057,-0.00836204461087427,0.2500000111195724,1.500000022239143,0.0008966926449857497
M2,2009-11,CLARABEL_SOLVED,973,1.7603137687822128,2.0719918024149595,0.010359959012074798,0.00022812501176115615,8.19737321811437e-06,0.04177923264337201,0.031199345992754163,0.25000002629417306,1.500000052588347,0.00022812501176115615
M2,2009-12,CLARABEL_SOLVED,965,1.6669608541180256,2.13801804438692,0.0106900902219346,0.00134270835281705,2.0360190843401068e-05,0.08700716769015641,0.07499472930624818,0.250000019815347,1.5000000396306934,0.00134270835281705
M2,2010-01,CLARABEL_SOLVED,964,1.9321728469870145,2.1124506048658525,0.010562253024329263,0.00029062500892769683,1.9348185128765486e-05,-0.03622852060007155,-0.047062050448199735,0.2500000172374348,1.5000000344748696,0.00029062500892769683
M2,2010-02,CLARABEL_SOLVED,968,1.942605651351087,1.7752366542353175,0.008876183271176587,0.0005625000129349725,7.760247340231697e-06,0.10852905000063034,0.09909812696385902,0.250000019985386,1.5000000399707725,0.0005625000129349725
M2,2010-03,CLARABEL_SOLVED,968,1.741847830366951,2.3770679191868194,0.011885339595934097,0.001348958375319621,3.117612282976284e-05,0.08512739034621504,0.07192426849779109,0.2500000171552394,1.5000000343104782,0.001348958375319621
M2,2010-04,CLARABEL_SOLVED,960,1.795447699376406,2.296842611447662,0.011484213057238311,0.00010729168250373281,2.2845046843160795e-05,0.04457447525836285,0.03300581556546397,0.25000002702648716,1.5000000540529734,0.00010729168250373281
M2,2010-05,CLARABEL_SOLVED,967,1.7698928815179038,1.99995924733399,0.009999796236669951,0.0007708337928717458,4.181752277507512e-05,-0.1262443332580001,-0.1369731457647667,0.25000001077861533,1.5000000215572302,0.0007708337928717458
M2,2010-06,CLARABEL_SOLVED,965,1.8470811138414995,2.2202643674336153,0.011101321837168077,0.0004562500279404876,1.1443350320923992e-05,-0.12015191428091526,-0.1316980427957029,0.2500000321713658,1.500000064342731,0.0004562500279404876
M2,2010-07,CLARABEL_SOLVED,966,1.9599013497488273,2.344994550125928,0.011724972750629642,0.0002312500276018936,9.607038337519706e-06,0.1313421184250514,0.11939550268515738,0.2500000157900238,1.500000031580049,0.0002312500276018936
M2,2010-08,CLARABEL_SOLVED,962,1.8466561744876577,2.414999886464291,0.012074999432321456,0.0005770833760263294,1.402942815413908e-05,-0.03690173268287448,-0.04953978606306812,0.2500000039976983,1.5000000079953963,0.0005770833760263294
M2,2010-09,CLARABEL_SOLVED,958,1.760776385567663,2.507877312027455,0.012539386560137276,0.0004520833537010683,1.7997183735723275e-05,0.1510128833549586,0.13803941062485597,0.2500000217579075,1.500000043515815,0.0004520833537010683
M2,2010-10,CLARABEL_SOLVED,964,1.9094578386963792,2.234540970231914,0.01117270485115957,0.00036501622514789926,1.3563624273680756e-05,0.0385281636118872,0.027004006159853405,0.25000000462843786,1.5000000092568768,0.00036501622514789926
M2,2010-11,CLARABEL_SOLVED,982,1.8345642789080898,2.331575913843592,0.011657879569217959,0.001479166704912771,1.8952105527613738e-05,0.017628539332301765,0.0045104451636986485,0.25000001403008254,1.5000000280601642,0.001479166704912771
M2,2010-12,CLARABEL_SOLVED,982,1.7460805679291975,2.1229027996178393,0.010614513998089197,0.0004013895343332444,2.5448540891572892e-05,0.09949824379353517,0.0885077888020043,0.25000001184900533,1.5000000236980122,0.0004013895343332444
M2,2011-01,CLARABEL_SOLVED,976,1.9747153866827096,2.0496143529481854,0.010248071764740928,0.001031250008684154,2.3227322525909534e-05,-0.008790777934409084,-0.020046872385308258,0.2500000076520204,1.5000000153040405,0.001031250008684154
M2,2011-02,CLARABEL_SOLVED,984,1.9163847197358435,1.8192207964824534,0.009096103982412267,0.0007385416745184361,1.6350509662766713e-05,0.05580709645891485,0.04598880131164691,0.25000000300999914,1.500000006019998,0.0007385416745184361
M2,2011-03,CLARABEL_SOLVED,983,1.8224046947063701,2.3850155577759518,0.01192507778887976,0.00019583335448092028,3.0422401537006184e-05,0.03391292744088542,0.02182243869906175,0.25000000987966375,1.5000000197593268,0.00019583335448092028
M2,2011-04,CLARABEL_SOLVED,989,1.7894278748504027,2.2218390981609035,0.011109195490804517,0.0004572917018675943,2.8557686590614567e-05,0.0031322550217739668,-0.00840567448430753,0.25000002403921867,1.500000048078438,0.0004572917018675943
M2,2011-05,CLARABEL_SOLVED,989,1.9722129609763377,1.9364526782840141,0.009682263391420072,0.0017468750184102587,2.3139267876429636e-05,-0.026565109766336588,-0.037971108908290495,0.25000002241856417,1.5000000448371291,0.0017468750184102587
M2,2011-06,CLARABEL_SOLVED,987,2.1468109927040393,2.1750000413546124,0.010875000206773063,0.00024895833447917404,2.548314194757821e-05,-0.01121191973506843,-0.02231039513437309,0.25000000980000076,1.5000000196000012,0.00024895833447917404
M2,2011-07,CLARABEL_SOLVED,988,1.8674023934648067,2.044929371133021,0.010224646855665105,0.0004876949102156533,1.0742944544460997e-05,-0.03334756634207478,-0.044049165163411085,0.25000001098337626,1.500000021966752,0.0004876949102156533
M2,2011-08,CLARABEL_SOLVED,986,1.8889943695938693,2.042908720770319,0.010214543603851597,0.0012156250157441058,1.2242303009610036e-05,-0.09757811193916954,-0.10899603825575564,0.2500000071961889,1.500000014392377,0.0012156250157441058
M2,2011-09,CLARABEL_SOLVED,990,2.0706635584723068,2.473333352065418,0.01236666676032709,0.002607291681338218,1.8164387653039413e-05,-0.18719059930922627,-0.20214639336323853,0.2500000132014669,1.500000026402934,0.002607291681338218
M2,2011-10,CLARABEL_SOLVED,991,2.017644540296063,2.408750038943257,0.012043750194716285,0.0011114583846511792,4.6393584340604097e-05,0.30384495729600836,0.29073614230098155,0.25000001105837993,1.5000000221167609,0.0011114583846511792
M2,2011-11,CLARABEL_SOLVED,985,1.8596766942338976,2.7073684605729125,0.013536842302864562,0.00025416689015763413,4.851833020841713e-05,0.04989935266294068,0.03615686180012691,0.2500000146755739,1.500000029351148,0.00025416689015763413
M2,2011-12,CLARABEL_SOLVED,983,1.7893679881101983,2.0576923292048774,0.010288461646024387,0.000376041687723945,2.190282998460432e-05,-0.0005287194852804794,-0.011171319989044207,0.2500000260855168,1.5000000521710333,0.000376041687723945
M2,2012-01,CLARABEL_SOLVED,983,1.9976015636780144,1.922316179223396,0.00961158089611698,0.00026770838934083666,2.1076402795019685e-05,0.09127283927170043,0.08141462638903763,0.25000003013369243,1.5000000602673853,0.00026770838934083666
M2,2012-02,CLARABEL_SOLVED,984,2.063243934467681,2.387532543720057,0.011937662718600287,0.0009624163759235595,2.0866631785914715e-05,0.057784874133441716,0.04490566167070379,0.2500000111961018,1.5000000223922034,0.0009624163759235595
M2,2012-03,CLARABEL_SOLVED,983,1.7480266785082912,1.9417583041411552,0.009708791520705777,0.001235416718082394,3.7994183097769594e-05,0.047813414831635856,0.036907200775945455,0.25000000886383106,1.500000017727662,0.001235416718082394
M2,2012-04,CLARABEL_SOLVED,984,1.9084251336256604,2.1716482721139534,0.010858241360569768,0.0010947916715987826,3.698986184911564e-05,0.0014736952794510046,-0.01044234789086843,0.25000000601283573,1.5000000120256711,0.0010947916715987826
M2,2012-05,CLARABEL_SOLVED,983,1.8268264037284994,1.9508334327378596,0.009754167163689298,0.0002750000443644171,2.844552648450612e-05,-0.043443435867978636,-0.05344415754954785,0.25000003925323083,1.5000000785064613,0.0002750000443644171
M2,2012-06,CLARABEL_SOLVED,981,1.8247128160548773,1.7124268222004497,0.008562134111002248,0.0010447916817885707,2.7169594376223597e-05,0.05673905132177627,0.04715929512336167,0.2500000043021515,1.5000000086043028,0.0010447916817885707
M2,2012-07,CLARABEL_SOLVED,978,1.8823344808496671,1.8808161199899134,0.009404080599949568,0.0022187502406935413,2.7858367610753094e-05,0.029314216086699818,0.017719243613667463,0.2500000077615187,1.5000000155230362,0.0022187502406935413
M2,2012-08,CLARABEL_SOLVED,980,1.8028716503792785,2.000909088138914,0.01000454544069457,0.0018281250190005853,3.0514081108592214e-05,0.06631450437902353,0.05451234800043697,0.25000001797345084,1.500000035946902,0.0018281250190005853
M2,2012-09,CLARABEL_SOLVED,977,1.8591085342038765,2.3188886351273066,0.011594443175636533,0.0004468751571128239,4.148532730064937e-05,0.04823403084456665,0.03623419783911795,0.25000003961486605,1.5000000792297319,0.0004468751571128239
M2,2012-10,CLARABEL_SOLVED,978,2.003805743221551,2.277826266347593,0.011389131331737965,0.0018916666819415234,3.902038797728909e-05,0.013263578407019111,2.1800781316911168e-05,0.250000009343332,1.5000000186866655,0.0018916666819415234
M2,2012-11,CLARABEL_SOLVED,980,1.8377743237350157,2.0591305153645916,0.010295652576822958,0.0033843750724966712,2.2980349712977415e-05,0.0469561757638115,0.03329912846420485,0.2500000083211644,1.5000000166423282,0.0033843750724966712
M2,2012-12,CLARABEL_SOLVED,978,1.8260068403949943,2.305714229595452,0.01152857114797726,0.0006375000484386219,3.204627106644105e-05,0.012254881951482688,0.00012085702613324715,0.25000000593000393,1.500000011860008,0.0006375000484386219
M2,2013-01,CLARABEL_SOLVED,976,2.0121612063375736,1.9225331255771048,0.009612665627885524,0.0008197916781378777,3.330604836363345e-05,0.07411400623924533,0.06371485498158555,0.25000001946887346,1.5000000389377484,0.0008197916781378777
M2,2013-02,CLARABEL_SOLVED,976,1.8018383384730303,2.1461686588434987,0.010730843294217494,0.0010958328227978957,2.0429072711893554e-05,-0.005174213091865194,-0.01698046013616869,0.2500000081735936,1.5000000163471872,0.0010958328227978957
M2,2013-03,CLARABEL_SOLVED,976,1.7556544565294137,2.077777842718591,0.010388889213592956,0.00027812501923717603,3.6612477907160034e-05,0.060723895902547065,0.05009349414762409,0.250000038615741,1.5000000772314812,0.00027812501923717603
M2,2013-04,CLARABEL_SOLVED,973,1.6025830979188371,2.105853730638698,0.010529268653193492,0.0008625001114997365,3.949627409526809e-05,-0.023259954790902038,-0.0346122272815,0.2500000172199471,1.5000000344398945,0.0008625001114997365
M2,2013-05,CLARABEL_SOLVED,968,1.7591977759320785,2.0848276166726825,0.010424138083363413,0.0005260416822176699,3.902508678522556e-05,0.05404506168925436,0.0431339070104585,0.2500000211515437,1.5000000423030864,0.0005260416822176699
M2,2013-06,CLARABEL_SOLVED,972,1.8997771489993305,2.0366589185571065,0.010183294592785533,0.0010177083388437972,3.9570933641676776e-05,-0.053383039413956335,-0.06454447141194398,0.25000000743146356,1.5000000148629273,0.0010177083388437972
M2,2013-07,CLARABEL_SOLVED,974,1.9812966079018053,2.2362742351816753,0.011181371175908377,0.0011656250148674237,2.8019581532090166e-05,0.1130728489813512,0.10075387237210748,0.2500000170837759,1.5000000341675515,0.0011656250148674237
M2,2013-08,CLARABEL_SOLVED,972,1.852353987709113,2.14648654191752,0.0107324327095876,0.001939583325308515,3.235490348335835e-05,-0.00207683707521991,-0.014716498206632667,0.25000002499859175,1.5000000499971824,0.001939583325308515
M2,2013-09,CLARABEL_SOLVED,975,1.974815795875399,1.9971428924746233,0.009985714462373117,0.0008802083547735639,2.6029030887714628e-05,0.06329691171953546,0.052457017933276485,0.2500000341615012,1.500000068323002,0.0008802083547735639
M2,2013-10,CLARABEL_SOLVED,970,1.8721205514065533,1.8111112141242036,0.009055556070621019,0.001979166744226464,4.7616934751929885e-05,0.03709582141904323,0.02610871553894768,0.2500000076627712,1.5000000153255433,0.001979166744226464
M2,2013-11,CLARABEL_SOLVED,963,1.9693513062437995,2.152737422250479,0.010763687111252395,0.00031770836313554983,2.0028899247224466e-05,0.06489459360826375,0.05383322703312302,0.250000044822632,1.500000089645265,0.00031770836313554983
M2,2013-12,CLARABEL_SOLVED,964,1.787482900634271,2.7071429735440375,0.013535714867720188,0.001137451365922749,4.366929569470072e-05,0.025982381069319833,0.011352884131371598,0.25000001400385896,1.500000028007717,0.001137451365922749
M2,2014-01,CLARABEL_SOLVED,964,1.8405675001012827,2.354883738479006,0.01177441869239503,0.0017010416726462516,3.827575893816076e-05,0.00787907135645281,-0.005558113249650312,0.2500000102818192,1.5000000205636392,0.0017010416726462516
M2,2014-02,CLARABEL_SOLVED,969,1.8970526390873228,2.2366666960157495,0.011183333480078748,0.001566666957578265,3.1583821686556164e-05,0.09320402635697655,0.0804856097410061,0.2500000133343819,1.5000000266687654,0.001566666957578265
M2,2014-03,CLARABEL_SOLVED,968,1.7393520684318782,1.9937713067967628,0.009968856533983814,0.0007937499650315626,3.5114690764249656e-05,-0.008002789986040558,-0.018730281794291682,0.2500000014832797,1.5000000029665603,0.0007937499650315626
M2,2014-04,CLARABEL_SOLVED,991,2.171818941113414,2.3112396901804995,0.011556198450902498,0.0010114583365383226,1.8050953189739143e-05,-0.07723665530265067,-0.08978626113690175,0.2500000028396635,1.5000000056793272,0.0010114583365383226
M2,2014-05,CLARABEL_SOLVED,993,2.108677126937605,2.3883326540683623,0.011941663270341811,0.0002892995179380302,1.3222093827998068e-05,-0.01684650105768143,-0.02906424175213327,0.2500000078390961,1.5000000156781936,0.0002892995179380302
M2,2014-06,CLARABEL_SOLVED,992,1.8899374133403533,2.6215725160116454,0.013107862580058227,0.0017718750260993172,1.2536076006874487e-05,0.0816345285976422,0.06676732706749153,0.25000002001920635,1.500000040038412,0.0017718750260993172
M2,2014-07,CLARABEL_SOLVED,989,1.9027616834038965,2.138931417837829,0.010694657089189145,0.0007702249456082173,3.191243021115512e-05,-0.006270452893748855,-0.017703422498335064,0.2500000048125262,1.5000000096250523,0.0007702249456082173
M2,2014-08,CLARABEL_SOLVED,991,1.8583057621371877,2.080000021163423,0.010400000105817115,0.001511615703807177,7.820459160147349e-06,0.11033983554304388,0.09843604019257975,0.25000001376994563,1.500000027539891,0.001511615703807177
M2,2014-09,CLARABEL_SOLVED,991,1.793763204941072,2.1933333760239013,0.010966666880119507,0.001829564333136809,3.315036355559535e-05,-0.04411646501032664,-0.05687954586002736,0.2500000196107435,1.5000000392214872,0.001829564333136809
M2,2014-10,CLARABEL_SOLVED,988,1.9382210964714879,2.245551614181243,0.011227758070906216,0.00020489772379430536,7.268406587102012e-06,-0.07009596315783538,-0.0815213505459488,0.25000002424352774,1.5000000484870553,0.00020489772379430536
M2,2014-11,CLARABEL_SOLVED,988,1.9672407300946726,2.124309596405649,0.010621547982028245,0.0005687498342571265,1.4659099250292992e-05,-0.06830585141121961,-0.0794814901282547,0.25000001896149926,1.500000037922998,0.0005687498342571265
M2,2014-12,CLARABEL_SOLVED,988,1.9164684857944354,2.0536232372674044,0.010268116186337021,0.0011031250176734009,2.28107504948443e-05,-0.06607074267534754,-0.07741917312886312,0.25000002887890305,1.5000000577578068,0.0011031250176734009
M2,2015-01,CLARABEL_SOLVED,989,2.047783175928641,2.0056790202602977,0.010028395101301489,0.0012177083436719022,3.1722025418816715e-05,-0.00844470215630541,-0.019659083575859982,0.2500000071820879,1.500000014364175,0.0012177083436719022
M2,2015-02,CLARABEL_SOLVED,989,1.8191255719248027,2.036296305226355,0.010181481526131774,0.001089583385123054,4.1612870580059384e-05,0.03531045051376655,0.02408099847309178,0.2500000331258277,1.5000000662516562,0.001089583385123054
M2,2015-03,CLARABEL_SOLVED,992,1.9599761460486083,1.9857144022552284,0.009928572011276142,0.002027083566090049,4.0868800418648146e-05,0.04891201622542743,0.036997229448479885,0.25000003676112614,1.5000000735222527,0.002027083566090049
M2,2015-04,CLARABEL_SOLVED,992,1.914862064788566,2.146087001137171,0.010730435005685855,0.0003796197300866299,2.0337103987525952e-05,-0.02791471451965249,-0.039004432151437445,0.2500000254966298,1.5000000509932585,0.0003796197300866299
M2,2015-05,CLARABEL_SOLVED,989,2.003233194891519,1.9533333369270562,0.009766666684635281,0.0007687500256230248,2.8908389978290815e-05,0.06823758093129739,0.057731072611017384,0.2500000091386757,1.5000000182773499,0.0007687500256230248
M2,2015-06,CLARABEL_SOLVED,991,1.7453050366053575,2.006672094339207,0.010033360471696036,0.0008697916727574827,2.2745482264789657e-05,-0.033487864089177144,-0.044368270751365874,0.25000000814870843,1.5000000162974154,0.0008697916727574827
M2,2015-07,CLARABEL_SOLVED,991,1.9642836048959318,1.982608707002477,0.009913043535012385,0.002267708338619526,3.363898789919085e-05,0.0058199988616107895,-0.00632711402412193,0.2500000047993713,1.5000000095987416,0.002267708338619526
M2,2015-08,CLARABEL_SOLVED,992,1.7088460459288002,2.2958974756611368,0.011479487378305684,0.0005260417242778055,1.7327434979604892e-05,-0.06461170969885684,-0.07659991136646073,0.2500000215843854,1.5000000431687706,0.0005260417242778055
M2,2015-09,CLARABEL_SOLVED,995,1.9463812432397571,2.4158975815572434,0.012079487907786218,0.003979166986573217,1.421181049262552e-05,-0.1241076624407903,-0.1401521055246571,0.2500000196748965,1.5000000393497914,0.003979166986573217
M2,2015-10,CLARABEL_SOLVED,993,1.962856306821953,1.7211647169278574,0.008605823584639287,0.0010354165349877932,2.109925397244353e-05,0.04950210169017792,0.039881960824523284,0.2500000174685786,1.5000000349371563,0.0010354165349877932
M2,2015-11,CLARABEL_SOLVED,993,1.94358301822809,1.9969975934629098,0.009984987967314549,0.003102083376669882,3.257046365332036e-05,0.0462027320188723,0.03314823113854119,0.2500000219391685,1.5000000438783374,0.003102083376669882
M2,2015-12,CLARABEL_SOLVED,991,1.867980067345593,2.14000056543273,0.01070000282716365,0.0008479168092750208,6.097814326744196e-05,0.039794342517121606,0.02830740102395038,0.25000001135042005,1.5000000227008408,0.0008479168092750208
M2,2016-01,CLARABEL_SOLVED,992,1.883240527892521,2.2118181976034452,0.011059090988017226,0.002158333338696008,2.1996206139673223e-05,-0.12206065522006763,-0.13525608334064118,0.25000000572596404,1.5000000114519265,0.002158333338696008
M2,2016-02,CLARABEL_SOLVED,990,1.8818451719997809,2.230646726451902,0.011153233632259509,0.0004041666718335011,1.9822447344909638e-05,-0.03916207121377247,-0.050699649070520575,0.25000000216669127,1.5000000043333825,0.0004041666718335011
M2,2016-03,CLARABEL_SOLVED,989,1.8046176457680694,2.3705882431067535,0.011852941215533768,0.001655208348045405,4.121475889415611e-05,0.0322582935439001,0.018791358739215083,0.25000001351165635,1.5000000270233143,0.001655208348045405
M2,2016-04,CLARABEL_SOLVED,993,1.8552679036570243,1.6300002370436302,0.00815000118521815,0.0007312500525952874,4.824531666402536e-05,-0.02623209877475581,-0.03506510469590522,0.2500000440197443,1.500000088039489,0.0007312500525952874
M2,2016-05,CLARABEL_SOLVED,992,1.9872255679512996,1.4803921024092133,0.007401960512046066,0.000977083688540787,3.799243851108764e-05,0.08122395180022213,0.07288290003814636,0.25000002440991437,1.50000004881983,0.000977083688540787
M2,2016-06,CLARABEL_SOLVED,988,1.6278891231514283,1.6831943756868393,0.008415971878434196,0.002877083343811727,7.955856246491918e-05,0.029920180876921443,0.01870668421714044,0.2500000101280586,1.500000020256118,0.002877083343811727
M2,2016-07,CLARABEL_SOLVED,991,1.6759391002922026,2.494690334262981,0.012473451671314906,0.0011093750373410134,8.566407218192236e-05,0.09403515884123564,0.08053799620476165,0.25000001153339063,1.5000000230667805,0.0011093750373410134
M2,2016-08,CLARABEL_SOLVED,991,1.8427863811126302,2.372727284388315,0.011863636421941576,0.001425000007920441,3.8969471348449216e-05,-0.013077292323665293,-0.02632695928217886,0.25000000679191603,1.5000000135838336,0.001425000007920441
M2,2016-09,CLARABEL_SOLVED,990,1.9877800803484325,1.8888585994018205,0.009444292997009104,0.0004500000030481905,2.6361763926645067e-05,0.03344318616031574,0.023575254924185093,0.2500000031394287,1.5000000062788579,0.0004500000030481905
M2,2016-10,CLARABEL_SOLVED,989,1.828234872867298,2.222346377718872,0.011111731888594361,0.0012808622191147635,3.9370581397708024e-05,-0.008354486454824974,-0.02070770998113639,0.2500000071179378,1.5000000142358763,0.0012808622191147635
M2,2016-11,CLARABEL_SOLVED,990,1.8076180453857695,2.1051753444178205,0.010525876722089102,0.000915625004844193,1.5174533249970148e-05,0.16563123048467907,0.15420490329099576,0.2500000038600806,1.5000000077201605,0.000915625004844193
M2,2016-12,CLARABEL_SOLVED,990,1.8931360084385358,2.585291525359082,0.01292645762679541,0.00047812502575027846,4.618064039980932e-05,0.006190629028063065,-0.007167772984082813,0.25000001676820893,1.5000000335364172,0.00047812502575027846
M2,2017-01,CLARABEL_SOLVED,991,2.0265921652853778,2.188695506460175,0.010943477532300875,0.0023614586099377425,1.6702569302560636e-05,0.06976133879161511,0.05647310521867906,0.2500000237944736,1.500000047588946,0.0023614586099377425
M2,2017-02,CLARABEL_SOLVED,988,1.5879088956589844,2.218530701978386,0.01109265350989193,0.0008312500993919543,1.4190775570337165e-05,0.014097262046050964,0.002187549212337417,0.2500000208157455,1.5000000416314911,0.0008312500993919543
M2,2017-03,CLARABEL_SOLVED,992,1.7645818725899511,2.3021310652934526,0.011510655326467263,0.002220041533479449,1.956263182974791e-05,-0.04925512347791941,-0.06296625770603638,0.250000010228613,1.5000000204572261,0.002220041533479449
M2,2017-04,CLARABEL_SOLVED,994,1.9402951157920485,2.407857564607621,0.012039287823038106,0.0006833334010602025,3.0250521232727603e-05,-0.016928037784006287,-0.02962040848687187,0.2500000241534255,1.500000048306851,0.0006833334010602025
M2,2017-05,CLARABEL_SOLVED,992,1.8397340904626551,2.058742987820191,0.010293714939100956,0.0021166667544935116,2.12177563607887e-05,-0.003788887600818777,-0.016178051538052456,0.2500000070369025,1.5000000140738052,0.0021166667544935116
M2,2017-06,CLARABEL_SOLVED,991,1.653674239987252,2.2360194439972423,0.011180097219986211,0.0009604167726677466,2.1351573524294245e-05,0.07362082282137186,0.0615016604022422,0.2500000225249364,1.5000000450498718,0.0009604167726677466
M2,2017-07,CLARABEL_SOLVED,991,1.9936667260241985,2.0521558604712755,0.010260779302356377,0.0035315465688583606,0.00014787243015727244,0.04608966335484675,0.03244520991378929,0.25000001632460866,1.500000032649218,0.0035315465688583606
M2,2017-08,CLARABEL_SOLVED,993,1.8010829595920494,2.302732635351127,0.011513663176755635,0.001530208344023522,1.734983379923172e-05,0.07939079618791012,0.0663642745009302,0.2500000130255412,1.5000000260510822,0.001530208344023522
M2,2017-09,CLARABEL_SOLVED,990,1.8298510567632529,2.2009091465395194,0.011004545732697598,0.0025562505047085084,1.6654024137858572e-05,0.04073932189228803,0.027195179679019785,0.2500000370208267,1.5000000740416537,0.0025562505047085084
M2,2017-10,CLARABEL_SOLVED,993,2.0696661126947107,2.124827582375292,0.010624137911876459,0.0028773168415114855,3.168860595164446e-05,0.012451906466021652,-0.0010178596814146472,0.25000000567483244,1.5000000113496648,0.0028773168415114855
M2,2017-11,CLARABEL_SOLVED,995,1.8118353014014172,2.1550000130395093,0.010775000065197547,0.001050000027082136,2.1197615627085714e-05,-0.007459226485543882,-0.019263028962196484,0.25000000671891937,1.5000000134378384,0.001050000027082136
M2,2017-12,CLARABEL_SOLVED,997,1.9761378664807923,2.3570051237662315,0.011785025618831158,0.0011199344541468804,4.055016087786318e-05,0.031203135819930387,0.018338725907830214,0.2500000097250267,1.500000019450054,0.0011199344541468804
M2,2018-01,CLARABEL_SOLVED,995,1.9898172903221063,1.7740749060570407,0.008870374530285203,0.0020302082987355536,3.749704658813466e-05,0.10331047334732335,0.09244738756489072,0.2500000058858437,1.5000000117716887,0.0020302082987355536
M2,2018-02,CLARABEL_SOLVED,993,1.8410118975943721,2.1457142756757355,0.010728571378378678,0.001759375005118355,2.991369947674828e-05,-0.07823024880531149,-0.09068828148933178,0.25000000205494766,1.5000000041098955,0.001759375005118355
M2,2018-03,CLARABEL_SOLVED,992,2.075369984653504,2.449534855628658,0.01224767427814329,0.0013174366443965187,2.373630479707393e-05,-0.040951791388904785,-0.05449316600664752,0.2500000170091615,1.5000000340183235,0.0013174366443965187
M2,2018-04,CLARABEL_SOLVED,994,2.05630641692863,1.9891139566319032,0.009945569783159516,0.004072559312682537,2.929448961652983e-05,-0.008894335175567468,-0.02288316978179299,0.2500000292160577,1.5000000584321156,0.004072559312682537
M2,2018-05,CLARABEL_SOLVED,990,1.9440589700329185,1.6176471139103663,0.008088235569551832,0.0020330275501424908,2.7684177474306113e-05,0.13318108069277296,0.12308750175055294,0.2500000409417692,1.5000000818835395,0.0020330275501424908
M2,2018-06,CLARABEL_SOLVED,992,1.8729112128391552,2.2999999188566047,0.011499999594283024,0.002102400109380697,2.1772210859259924e-05,0.006772947262278253,-0.006807680230526209,0.25000001394975524,1.5000000278995111,0.002102400109380697
M2,2018-07,CLARABEL_SOLVED,997,1.9920246500935788,1.9582338236656298,0.00979116911832815,0.0013599271421596009,1.8763202881447952e-05,0.0023083476129642727,-0.008823985444642031,0.2500000247232697,1.5000000494465402,0.0013599271421596009
M2,2018-08,CLARABEL_SOLVED,995,1.891562037739521,2.1631692259939683,0.010815846129969843,0.0005781832425348337,0.0003932499799200662,0.10325618874850567,0.09225540935592105,0.2500000137885882,1.5000000275771759,0.0005781832425348337
M2,2018-09,CLARABEL_SOLVED,996,1.6919416520408328,1.9962456625149758,0.00998122831257488,0.0007188795177190906,2.5688559255933395e-05,-0.05521669680078134,-0.06589111607181938,0.2500000159172078,1.500000031834415,0.0007188795177190906
M2,2018-10,CLARABEL_SOLVED,995,1.8786091516589698,2.0372308066803573,0.010186154033401786,0.004014343384488945,2.2975942972159774e-05,-0.11231341793382815,-0.12649093940874673,0.25000001544749456,1.5000000308949892,0.004014343384488945
M2,2018-11,CLARABEL_SOLVED,995,1.945431925356248,1.9358475204837695,0.009679237602418848,0.001658212954495019,9.791047445280453e-06,0.012317361471910808,0.0009897019624422216,0.2500000125225794,1.5000000250451588,0.001658212954495019
M2,2018-12,CLARABEL_SOLVED,994,1.9355051142912363,2.5007555042285277,0.012503777521142638,0.0008956949962608051,2.3435081459603597e-05,-0.11650695493785311,-0.12988299237379694,0.25000000213897056,1.5000000042779411,0.0008956949962608051
M2,2019-01,CLARABEL_SOLVED,996,1.8103320301948882,2.3023529845964656,0.011511764922982328,0.0004531212566876177,2.397389922355099e-05,0.135282429620098,0.12334151733965162,0.25000003607974647,1.500000072159492,0.0004531212566876177
M2,2019-02,CLARABEL_SOLVED,994,1.8781190690992826,2.3527821274204777,0.011763910637102389,0.0013619795044294476,2.877336028752024e-05,0.03300095679628908,0.019903840015044767,0.2500000053337022,1.5000000106674043,0.0013619795044294476
M2,2019-03,CLARABEL_SOLVED,993,1.9336649012234592,1.9028571505954976,0.009514285752977488,0.002398226703308818,3.396334391365157e-05,0.00783484631577586,-0.004043702796596795,0.2500000045565573,1.5000000091131143,0.002398226703308818
M2,2019-04,CLARABEL_SOLVED,993,1.8949133842109211,2.312432741305008,0.01156216370652504,0.0009350637264789207,2.656489763721558e-05,0.0013095235184184383,-0.011161139016948306,0.25000002094701346,1.5000000418940256,0.0009350637264789207
M2,2019-05,CLARABEL_SOLVED,994,1.971220307288921,1.9933336983907597,0.009966668491953799,0.0007620723137538183,3.0226490801752706e-05,-0.000430798538161966,-0.01112931285306783,0.25000000874191125,1.5000000174838226,0.0007620723137538183
M2,2019-06,CLARABEL_SOLVED,992,1.774865246055544,2.2237368293893764,0.011118684146946882,0.0017486019641038738,2.7719013999457996e-05,0.09818781379677465,0.08534824669972337,0.2500000107841901,1.500000021568379,0.0017486019641038738
M2,2019-07,CLARABEL_SOLVED,989,1.9084590989483152,2.1923809801483856,0.010961904900741929,0.00462779893088157,3.532023264442138e-05,0.011280478889327195,-0.004273904709651883,0.25000002531461374,1.5000000506292284,0.00462779893088157
M2,2019-08,CLARABEL_SOLVED,989,1.862304154525712,1.6417583016919652,0.008208791508459826,0.0007817739676096867,3.594579536139105e-05,-0.05004100256082657,-0.058995622241534686,0.25000001832161,1.5000000366432193,0.0007817739676096867
M2,2019-09,CLARABEL_SOLVED,991,1.7239797071058784,2.1843243544336173,0.010921621772168086,0.0013557062647771665,2.362542119021378e-05,-0.0020461371363531752,-0.014299839752108214,0.2500000238491115,1.5000000476982223,0.0013557062647771665
M2,2019-10,CLARABEL_SOLVED,991,2.207198762714583,2.3873684637132646,0.011936842318566324,0.0011415889541766444,4.0129510373597146e-05,0.01863868765292934,0.005600385890559969,0.25000000857612353,1.5000000171522463,0.0011415889541766444
M2,2019-11,CLARABEL_SOLVED,991,1.8070400175215224,2.0138192546827085,0.010069096273413543,0.0004096709219754122,3.169780762825343e-05,0.029925224150722844,0.019478154762962142,0.250000012388854,1.5000000247777077,0.0004096709219754122
M2,2019-12,CLARABEL_SOLVED,994,1.9002746390396126,2.011015215666997,0.010055076078334986,0.0002012761554594872,2.832110634306536e-05,0.02007253104776828,0.009844499920316873,0.2500000339775329,1.5000000679550667,0.0002012761554594872
M2,2020-01,CLARABEL_SOLVED,994,1.8969243912989353,1.7577366951850575,0.008788683475925287,0.0006111024543832618,2.978384090280264e-05,0.04170500426624439,0.03233500217683864,0.2500000103471776,1.5000000206943551,0.0006111024543832618
M2,2020-02,CLARABEL_SOLVED,991,1.7271667532862882,1.7488889024934253,0.008744444512467127,0.0018087203026301538,5.5615504166912146e-05,-0.050064050879036606,-0.06056160018996698,0.2500000067741535,1.500000013548307,0.0018087203026301538
M2,2020-03,CLARABEL_SOLVED,996,1.7668727382931884,2.016466265924343,0.010082331329621715,0.0021419393438556885,4.90520633199551e-05,-0.14181600505019104,-0.15399122366034848,0.2500000220189027,1.5000000440378054,0.0021419393438556885
M2,2020-04,CLARABEL_SOLVED,993,1.8192410992461518,1.6608623210902353,0.008304311605451177,0.0011159122546458584,2.632808505793255e-05,0.3966292703373448,0.38723537456230567,0.2500000013869017,1.5000000027738019,0.0011159122546458584
M2,2020-05,CLARABEL_SOLVED,991,1.9629329999904708,2.4405076595558457,0.012202538297779229,0.001126626882967081,4.196748572058061e-05,0.05766052572815589,0.044373328033130155,0.25000000467971134,1.5000000093594208,0.001126626882967081
M2,2020-06,CLARABEL_SOLVED,992,1.8472273993219386,1.3792986828152174,0.006896493414076087,0.0031583755437775045,5.6910502249704786e-05,0.043111631629573495,0.033113673173969606,0.25000001867002963,1.5000000373400582,0.0031583755437775045
M2,2020-07,CLARABEL_SOLVED,998,1.828247864403769,1.4923596365900218,0.0074617981829501094,0.004269160709894003,4.1114692586450626e-05,0.04537009207725898,0.03368024787700131,0.2500000276425864,1.5000000552851727,0.004269160709894003
M2,2020-08,CLARABEL_SOLVED,997,1.787266463184982,1.7579247921983967,0.008789623960991984,0.002317926665846782,3.280972202030531e-05,0.14215637943013096,0.1310816385253125,0.2500000080402353,1.5000000160804698,0.002317926665846782
M2,2020-09,CLARABEL_SOLVED,997,2.0169282307968017,1.9949103358618867,0.009974551679309433,0.000119073008702155,0.00035314925312839734,-0.06449791794156158,-0.07423839337644476,0.25000001374053654,1.5000000274810708,0.000119073008702155
M2,2020-10,CLARABEL_SOLVED,995,1.9543038806986035,2.2136709037808115,0.011068354518904058,0.001560029105961549,1.7893658728221018e-05,-0.053834825123894495,-0.06644531509003189,0.25000000951340484,1.500000019026809,0.001560029105961549
M2,2020-11,CLARABEL_SOLVED,995,2.109537906837206,1.9487625049867858,0.009743812524933929,0.0020728150448252906,0.0005799874300217355,0.3243801764554153,0.31314353631567776,0.2500000113761146,1.5000000227522288,0.0020728150448252906
M2,2020-12,CLARABEL_SOLVED,999,1.7874750882087347,1.8339258957467024,0.009169629478733511,0.004136118469996156,3.098106088873593e-05,0.013203094644444585,-7.167224339634674e-05,0.25000001168905644,1.5000000233781134,0.004136118469996156
M2,2021-01,CLARABEL_SOLVED,1000,2.140147554094309,1.6052925076611901,0.00802646253830595,0.0008117687831694909,0.0003316072758381411,0.13120128421356786,0.12269466016793056,0.25000002145144257,1.5000000429028857,0.0008117687831694909
M2,2021-02,CLARABEL_SOLVED,998,1.8856160385806415,1.6550720353970931,0.008275360176985465,0.0014628965568071921,2.890599701715559e-05,-0.06176216570276393,-0.07147151643953943,0.2500000071331555,1.5000000142663104,0.0014628965568071921
M2,2021-03,CLARABEL_SOLVED,999,1.8675206181538873,1.5403572944660313,0.007701786472330157,0.0021122892261926604,1.7614865663584344e-05,0.017282916449109613,0.007486455616250381,0.25000001494140395,1.5000000298828065,0.0021122892261926604
M2,2021-04,CLARABEL_SOLVED,998,2.049181573057828,2.074613702932552,0.01037306851466276,0.0032779710353950187,1.6129605612723166e-05,-0.03275516704936193,-0.04639007699380698,0.2500000063925006,1.5000000127850008,0.0032779710353950187
M2,2021-05,CLARABEL_SOLVED,997,1.6441382320689233,2.16080515384832,0.010804025769241601,0.0018570605889904508,2.5498554049732602e-05,-0.005880394430631798,-0.01851598223481412,0.25000001489167234,1.5000000297833445,0.0018570605889904508
M2,2021-06,CLARABEL_SOLVED,999,1.8555484737219525,1.7911504693853997,0.008955752346926998,0.002666382824484099,2.819327960690951e-05,0.08410736120899816,0.07251341931719396,0.2500000169204071,1.5000000338408133,0.002666382824484099
M2,2021-07,CLARABEL_SOLVED,998,1.6904881877286937,2.0995818089480873,0.010497909044740437,0.002290712841247246,2.4300638035822056e-05,-0.04204963579728581,-0.054813957045237664,0.25000002381162145,1.500000047623244,0.002290712841247246
M2,2021-08,CLARABEL_SOLVED,997,2.0748422273353846,2.4327780240556898,0.012163890120278449,0.002355383962572805,3.2367981434945225e-05,-0.043514357685703636,-0.05800126378711994,0.25000004019773636,1.5000000803954738,0.002355383962572805
M2,2021-09,CLARABEL_SOLVED,998,1.7728483695767916,2.193837064055205,0.010969185320276026,0.0017065427485129794,3.07322951734775e-05,-0.023149772737811006,-0.03579476851142654,0.2500000230940336,1.5000000461880671,0.0017065427485129794
M2,2021-10,CLARABEL_SOLVED,998,1.9091105098838204,2.2005810763516203,0.011002905381758101,0.0017412525004718029,2.0290619439211825e-05,0.02128516920708461,0.008561301944293918,0.2500000218747995,1.5000000437495982,0.0017412525004718029
M2,2021-11,CLARABEL_SOLVED,997,1.6757970586734132,2.4396718882445416,0.012198359441222708,0.003233561113681848,2.971695956614377e-05,-0.062469850029688856,-0.07787205362502726,0.2500000042081557,1.5000000084163105,0.003233561113681848
M2,2021-12,CLARABEL_SOLVED,994,1.8538281871334485,2.1805435532270954,0.010902717766135477,0.0004532991706874025,2.1900267875531948e-05,-0.07559458463316115,-0.0869287013021085,0.2500000130958518,1.5000000261917028,0.0004532991706874025
M2,2022-01,CLARABEL_SOLVED,993,2.0674165630983867,2.0546806040164185,0.010273403020082093,0.004176797494184313,1.3341898020573163e-05,-0.10950620588894142,-0.12394306450518724,0.2500000070896134,1.5000000141792271,0.004176797494184313
M2,2022-02,CLARABEL_SOLVED,991,1.9152684280681003,2.0343114203740873,0.010171557101870437,0.0019749426872195833,3.74405856099833e-05,-0.03287150395599025,-0.04498056315947028,0.25000000424238233,1.500000008484765,0.0019749426872195833
M2,2022-03,CLARABEL_SOLVED,993,1.8056117515151868,2.074615664271184,0.01037307832135592,0.0010420953997080167,5.643832713233541e-05,0.011722372629738546,0.00036363723580694454,0.2500000202327945,1.5000000404655691,0.0010420953997080167
M2,2022-04,CLARABEL_SOLVED,990,1.8841403641884868,1.8626087395822317,0.00931304369791116,0.0010849244417373664,3.567409289048546e-05,-0.04990070918113819,-0.060263003227896225,0.250000013562294,1.5000000271245884,0.0010849244417373664
M2,2022-05,CLARABEL_SOLVED,991,1.8369023820690087,1.628156580578079,0.008140782902890395,0.002634874304228344,3.764202765035893e-05,0.014293371258413562,0.003555356078945182,0.2500000073465213,1.5000000146930426,0.002634874304228344
M2,2022-06,CLARABEL_SOLVED,990,1.8255219721147473,1.856668526994925,0.009283342634974625,0.0013302138774652153,3.365355791571133e-05,-0.12608804700755155,-0.13666794996207568,0.2500000171493195,1.5000000342986382,0.0013302138774652153
M2,2022-07,CLARABEL_SOLVED,991,2.0367538280444606,2.0245421428600094,0.010122710714300048,0.0008405987197952513,7.80135172822052e-05,0.1390440924363156,0.12815879651950252,0.25000000574878667,1.5000000114975731,0.0008405987197952513
M2,2022-08,CLARABEL_SOLVED,988,1.9788270910072965,1.899130487111598,0.00949565243555799,0.0021479271247911223,2.6127402553803174e-05,0.07816383784035669,0.06654638568256138,0.25000003220870826,1.500000064417418,0.0021479271247911223
M2,2022-09,CLARABEL_SOLVED,983,1.8858723209899166,1.6602572159183278,0.008301286079591639,0.0020156225876904366,3.7059460800652185e-05,-0.08554658060046917,-0.0958264298069506,0.2500000280460489,1.500000056092098,0.0020156225876904366
M2,2022-10,CLARABEL_SOLVED,977,1.8817460897180596,1.6896629722399341,0.00844831486119967,0.0013746580811181673,2.651173931851181e-05,0.16749337444742596,0.1576969132444266,0.25000004594634767,1.5000000918926957,0.0013746580811181673
M2,2022-11,CLARABEL_SOLVED,970,1.7771198652792952,2.0918404557275725,0.010459202278637862,0.0013375889451443124,2.5729828213477204e-05,0.012094277269283553,0.00032321587371485547,0.25000001687747264,1.500000033754945,0.0013375889451443124
M2,2022-12,CLARABEL_SOLVED,969,1.9991718835386063,1.7905263346740548,0.008952631673370274,0.0025801168177111092,2.1500756620742602e-05,-0.05649328422014148,-0.06800453195460213,0.2500000173715045,1.5000000347430094,0.0025801168177111092
M2,2023-01,CLARABEL_SOLVED,973,1.7952378944690037,1.677662363502304,0.008388311817511521,0.001907655569928842,4.306765412104575e-05,0.04322832692244351,0.03297542718912419,0.25000001391278037,1.5000000278255607,0.001907655569928842
M2,2023-02,CLARABEL_SOLVED,972,2.0871763037530053,1.5315789675800633,0.007657894837900317,0.006408054988562763,3.642316635433016e-05,0.011746314683308267,-0.0022832119768004828,0.2500000116521667,1.500000023304335,0.006408054988562763
M2,2023-03,CLARABEL_SOLVED,975,1.8487970663450748,1.5801846622214983,0.007900923311107491,0.0074871982534874095,2.4592777370876124e-05,0.0026117487650129598,-0.012751780022211064,0.2500000298432805,1.500000059686562,0.0074871982534874095
M2,2023-04,CLARABEL_SOLVED,985,1.8818804865556145,1.9652174473064605,0.009826087236532303,0.004386124290750067,3.962642222820223e-05,-0.3879954943603562,-0.40216807946541033,0.2500000114141723,1.5000000228283443,0.004386124290750067
M2,2023-05,CLARABEL_SOLVED,983,1.9166592736769346,2.243841955522017,0.011219209777610085,0.009707096754941212,9.3432285744265e-05,0.08274567003805955,0.06191279579125252,0.2500000117232075,1.5000000234464153,0.009707096754941212
M2,2023-06,CLARABEL_SOLVED,988,1.8615098792654425,1.898946018328997,0.009494730091644985,0.00592406446121204,3.5106970475657686e-05,0.0418528563389238,0.026469168756542434,0.2500000087975534,1.5000000175951071,0.00592406446121204
M2,2023-07,CLARABEL_SOLVED,987,2.0444966317505724,1.6612121236562059,0.00830606061828103,0.0025996388745216266,2.5465664667746614e-05,0.03606884050905163,0.025188606680916725,0.2500000223756502,1.5000000447513,0.0025996388745216266
M2,2023-08,CLARABEL_SOLVED,986,1.8214673508021426,1.8932530156358984,0.009466265078179492,0.0037857921705569085,2.8716597040966038e-05,0.04311577486877011,0.029892434217074673,0.2500000111101247,1.50000002222025,0.0037857921705569085
M2,2023-09,CLARABEL_SOLVED,992,1.8124140411847733,1.730560791868569,0.008652803959342845,0.003725876275732771,2.0069553503752388e-05,-0.11750042897306605,-0.1298590396546379,0.25000001745501776,1.5000000349100358,0.003725876275732771
M2,2023-10,CLARABEL_SOLVED,992,1.8017765130538297,1.698423529497771,0.008492117647488855,0.008746010990379968,4.131678385716675e-05,-0.01141621285168361,-0.028613024705695263,0.25000002144683,1.5000000428936595,0.008746010990379968
M2,2023-11,CLARABEL_SOLVED,990,1.8967402368194421,1.8114128263444358,0.009057064131722178,0.006813777024645392,2.5248371415294512e-05,0.17907969003309898,0.1632340972481467,0.25000002704322377,1.500000054086448,0.006813777024645392
M2,2023-12,CLARABEL_SOLVED,992,1.9760794528998216,2.037915595827946,0.010189577979139731,0.0037541147499397334,4.880098820802477e-05,0.04637149998828031,0.03247660824740887,0.25000002784922537,1.5000000556984507,0.0037541147499397334
M2,2024-01,CLARABEL_SOLVED,991,1.9733362914919734,1.9304200161253973,0.009652100080626986,0.005009547241827049,3.605576112418608e-05,0.0005609924345792994,-0.01406459912675055,0.25000001684052287,1.5000000336810455,0.005009547241827049
M2,2024-02,CLARABEL_SOLVED,990,1.6868002723835216,1.531309782964381,0.007656548914821905,0.0012888769120749806,4.4587119479103056e-05,-0.004651634027119105,-0.013552472734536887,0.2500000111937808,1.500000022387562,0.0012888769120749806
M2,2024-03,CLARABEL_SOLVED,991,1.946758014894436,1.5990103788819758,0.007995051894409879,0.0014915061032629877,3.326199971675758e-05,0.001889163381183316,-0.007564132616772793,0.2500000202018502,1.5000000404037013,0.0014915061032629877
M2,2024-04,CLARABEL_SOLVED,992,1.9965969652140632,1.4532710442377583,0.007266355221188792,0.0016310939528717686,2.3749606622130918e-05,-0.09022508272971438,-0.09909878229715281,0.25000001469241473,1.5000000293848303,0.0016310939528717686
M2,2024-05,CLARABEL_SOLVED,994,1.9526979399200535,1.8886482256499593,0.009443241128249796,0.005132647171045059,2.613158125415404e-05,0.07964522169178735,0.06509546497374666,0.250000002203561,1.500000004407121,0.005132647171045059
M2,2024-06,CLARABEL_SOLVED,994,1.8779498447901886,1.9133954676434053,0.009566977338217026,0.024268618997423504,5.834282354563519e-05,0.03987387861204342,0.006096625099948521,0.25000000768287933,1.5000000153657593,0.024268618997423504
M2,2024-07,CLARABEL_SOLVED,995,1.981187093808763,1.959395477331862,0.00979697738665931,0.00981845284315811,3.0307525578489377e-05,0.05880372338966297,0.039218600685424036,0.2500000185391058,1.5000000370782112,0.00981845284315811
M2,2024-08,CLARABEL_SOLVED,995,2.236866641916635,2.1572956230633356,0.010786478115316678,0.0005946485465260628,3.898255514786083e-05,0.053167335417938236,0.041825191311243355,0.25000001259157156,1.5000000251831436,0.0005946485465260628
M2,2024-09,CLARABEL_SOLVED,995,1.7923496673196768,1.8377851264017182,0.009188925632008592,0.0161329067557362,2.1054696829469003e-05,0.01590690979577708,-0.009393867895138245,0.25000002569410884,1.5000000513882172,0.0161329067557362
M2,2024-10,CLARABEL_SOLVED,998,1.8186036068941676,1.9757498754307772,0.009878749377153885,0.005220937805462844,3.508676370187229e-05,-0.012549857155386642,-0.0276144575743015,0.2500000041848815,1.500000008369763,0.005220937805462844
M2,2024-11,CLARABEL_SOLVED,997,1.5996861939922062,1.4281344421081759,0.00714067221054088,0.0027988275233278305,2.8618680638691204e-05,0.11920132323527773,0.10929044218204771,0.25000000429716773,1.500000008594335,0.0027988275233278305
M2,2024-12,CLARABEL_SOLVED,998,1.6920121829163115,1.596711841915388,0.00798355920957694,0.009591812775962577,4.212950881952368e-05,-0.1402202317121004,-0.1577534741888204,0.2500000054119093,1.5000000108238178,0.009591812775962577
M2,2025-01,CLARABEL_SOLVED,999,1.7453684264261011,1.8627798521881096,0.009313899260940547,0.004234566437341778,2.7440590865133742e-05,0.0750079044638638,0.0614868793564466,0.2500000086704113,1.500000017340824,0.004234566437341778
M2,2025-02,CLARABEL_SOLVED,997,1.8525287226961435,1.6172416928862143,0.008086208464431071,0.009428060535187478,4.0299101419545994e-05,-0.03535346602169029,-0.052827435919889296,0.25000000561339475,1.5000000112267897,0.009428060535187478
M2,2025-03,CLARABEL_SOLVED,998,2.12726690031287,2.2109974357770614,0.011054987178885308,0.0006619695139673095,7.7953805640654e-05,-0.06864511739024193,-0.0802841202774539,0.2500000032311609,1.5000000064623213,0.0006619695139673095
M2,2025-04,CLARABEL_SOLVED,997,2.0591454739326247,1.7969113270444799,0.0089845566352224,0.0032405001029285276,5.9300051036891054e-05,0.07960672909196807,0.06744097240485404,0.2500000137509009,1.5000000275018022,0.0032405001029285276
M2,2025-05,CLARABEL_SOLVED,998,1.6032560968816105,2.4164253876379833,0.012082126938189917,0.002127774266545178,4.5971579705702466e-05,0.10548337265647709,0.0913194430314477,0.2500000224725427,1.500000044945084,0.002127774266545178
M2,2025-06,CLARABEL_SOLVED,997,1.7174526517414044,2.0083697746429037,0.010041848873214519,0.0030042924190898487,3.5544527203046895e-05,0.04695337768823857,0.03394278092313724,0.25000001313668047,1.5000000262733604,0.0030042924190898487
M2,2025-07,CLARABEL_SOLVED,997,1.459901785743818,1.6231963350022163,0.008115981675011081,0.006477597102034469,6.087864506677044e-05,0.008546112683546981,-0.005986587448431799,0.2500000151650476,1.5000000303300947,0.006477597102034469
M2,2025-08,CLARABEL_SOLVED,996,1.7567494872837783,1.5614269169683903,0.007807134584841952,0.0031411737383714184,4.844405299053651e-05,0.012703446778183145,0.001803582507960311,0.2500000353424743,1.500000070684948,0.0031411737383714184
M2,2025-09,CLARABEL_SOLVED,996,1.7887742983227748,1.9502316461776048,0.009751158230888025,0.0008283586044374373,3.859075200801027e-05,0.04925785222131292,0.03871692613799546,0.2500000298444033,1.500000059688806,0.0008283586044374373
M2,2025-10,CLARABEL_SOLVED,996,1.5236243099629891,1.8508457734010346,0.009254228867005174,0.02127787788474731,4.852352877539827e-05,0.04387870435291796,0.013395121129940879,0.2500000313186054,1.5000000626372105,0.02127787788474731
M2,2025-11,CLARABEL_SOLVED,995,1.6196799837360303,1.8069191614650106,0.009034595807325053,0.001954664545516006,4.1815590909972516e-05,-0.09396780351403886,-0.10491524827596993,0.2500000120847306,1.5000000241694607,0.001954664545516006
M2,2025-12,CLARABEL_SOLVED,996,2.068038265162768,2.134659188036113,0.010673295940180565,0.0018665105816956643,2.3715371049055328e-05,-0.08275539597171078,-0.09527148712253795,0.25000001052944465,1.5000000210588897,0.0018665105816956643
M3,2007-01,CLARABEL_SOLVED,856,1.863312116886417,2.3457943902873546,0.011728971951436773,0.0003593750011546455,3.0936612885531974e-05,0.0408856011685562,0.02882819082885031,0.2500000032999795,1.500000006599958,0.0003593750011546455
M3,2007-02,CLARABEL_SOLVED,952,1.8071299161988394,2.0568421357246955,0.010284210678623477,0.0009427083462411543,1.0351511412051203e-05,-0.05849991020123568,-0.06971647771468827,0.25000001572378316,1.5000000314475666,0.0009427083462411543
M3,2007-03,CLARABEL_SOLVED,955,1.9373739030910955,1.769096453951899,0.008845482269759494,0.0006341880948634981,1.6117926646058315e-05,0.023192968575576955,0.013729416137600021,0.2500000179554328,1.5000000359108663,0.0006341880948634981
M3,2007-04,CLARABEL_SOLVED,949,1.7866898981952593,2.1414229314579116,0.010707114657289558,0.0009322916850717348,1.6944018788656e-05,0.06303531254611419,0.05141285022254155,0.25000002012085154,1.5000000402417026,0.0009322916850717348
M3,2007-05,CLARABEL_SOLVED,953,1.7613389083508233,2.2366665772175316,0.011183332886087659,0.0015289302966298123,3.850178254268064e-06,0.07458195206723628,0.06187353906277306,0.25000000542891276,1.5000000108578244,0.0015289302966298123
M3,2007-06,CLARABEL_SOLVED,949,1.8179011536490488,2.043908106362047,0.010219540531810234,0.001745833382173706,2.0834433295430854e-05,0.005854825399980952,-0.006089714080707557,0.25000004307702384,1.5000000861540481,0.001745833382173706
M3,2007-07,CLARABEL_SOLVED,955,1.795168436303064,2.1219048381042835,0.010609524190521418,0.00040000002270096797,1.488441739404351e-13,-0.04770433171978715,-0.058713855932860694,0.2500000245547826,1.500000049109565,0.00040000002270096797
M3,2007-08,CLARABEL_SOLVED,962,1.7614555244524297,2.4970150127306985,0.012485075063653492,0.0005843750320862349,3.4442811138248843e-13,0.06270005722330077,0.04963060712790547,0.2500000482674485,1.5000000965348954,0.0005843750320862349
M3,2007-09,CLARABEL_SOLVED,959,1.747565251980152,2.4687674435968647,0.012343837217984323,0.00038812277516504735,4.4145416914927e-06,0.1006690965858079,0.08794155113435002,0.25000001841994723,1.5000000368398947,0.00038812277516504735
M3,2007-10,CLARABEL_SOLVED,950,1.7355314154039827,2.3613455270767414,0.011806727635383707,0.001895833404758688,2.0816405008772357e-05,0.011044585938033072,-0.00263715869710055,0.2500000225721827,1.5000000451443651,0.001895833404758688
M3,2007-11,CLARABEL_SOLVED,954,1.8563397109832966,1.9988813473493163,0.009994406736746581,0.0007822916957595127,1.1810789000583057e-05,-0.09871138819829942,-0.10947627584180492,0.2500000353888177,1.5000000707776353,0.0007822916957595127
M3,2007-12,CLARABEL_SOLVED,954,1.9179728054501277,2.211688349151536,0.011058441745757678,0.00015625007337069524,8.718895105819016e-06,0.033446209489021925,0.02224023656499937,0.25000003412884886,1.5000000682576986,0.00015625007337069524
M3,2008-01,CLARABEL_SOLVED,960,1.931641739322994,2.139331341886143,0.010696656709430714,0.0015666666958895764,1.5429112578793758e-05,-0.08606275338219643,-0.09831064767493793,0.25000002705988217,1.500000054119763,0.0015666666958895764
M3,2008-02,CLARABEL_SOLVED,962,2.17245031767182,1.7424742592971492,0.008712371296485746,0.0007104166784506554,1.15782600050602e-05,0.03998808995877708,0.030576880243845746,0.2500000166869838,1.500000033373968,0.0007104166784506554
M3,2008-03,CLARABEL_SOLVED,952,1.920414220508381,1.7509092760243792,0.008754546380121896,0.0005104166757790738,2.2885807046902915e-06,-0.041102934742925604,-0.05036560921812188,0.25000001103857133,1.5000000220771432,0.0005104166757790738
M3,2008-04,CLARABEL_SOLVED,956,2.03799391586166,2.0652379148316022,0.01032618957415801,0.0006145833649962035,2.3421113613576292e-05,0.14420312795980128,0.13328577613426065,0.2500000228344591,1.5000000456689193,0.0006145833649962035
M3,2008-05,CLARABEL_SOLVED,955,1.904155027153056,1.9547051441159584,0.009773525720579792,0.0006656250822759671,7.17215520130324e-06,0.07384891154860844,0.06341693290095399,0.25000005108174506,1.5000001021634919,0.0006656250822759671
M3,2008-06,CLARABEL_SOLVED,956,1.8506268482354704,1.7780946173717318,0.008890473086858659,0.0006104167151487846,1.2222394343813736e-05,-0.030613992090197852,-0.04010265949786148,0.2500000209435711,1.5000000418871422,0.0006104167151487846
M3,2008-07,CLARABEL_SOLVED,957,1.8155614479393098,1.5412121274746875,0.007706060637373438,0.0007041666855080531,2.5473925785307727e-05,0.013806839710240264,0.0054220863131440806,0.25000000704389647,1.5000000140877925,0.0007041666855080531
M3,2008-08,CLARABEL_SOLVED,962,2.210262201843189,1.8245454752998822,0.00912272737649941,0.0006927083555981689,1.6805643114229608e-05,-0.06780250150124836,-0.07760113159023171,0.25000001635993274,1.5000000327198655,0.0006927083555981689
M3,2008-09,CLARABEL_SOLVED,966,2.0776677670388066,1.7753488617983422,0.008876744308991711,0.001011646642784378,5.49571003830513e-13,-0.21035802429256814,-0.22024641524379468,0.25000001288332774,1.500000025766655,0.001011646642784378
M3,2008-10,CLARABEL_SOLVED,955,1.9963542406259138,1.685714318659343,0.008428571593296715,0.000539583338344868,1.2298455206049417e-05,-0.2700407167248691,-0.27899657320130467,0.25000000686423984,1.5000000137284795,0.000539583338344868
M3,2008-11,CLARABEL_SOLVED,963,1.6832463206710786,1.9349425329715597,0.0096747126648578,0.0003812500027951984,1.0510965779114777e-05,-0.103463996269788,-0.11350944797166188,0.25000000436197445,1.5000000087239487,0.0003812500027951984
M3,2008-12,CLARABEL_SOLVED,964,1.7356924684259212,2.1641534396768765,0.010820767198384382,0.0004583333533774593,2.367739745367078e-06,0.013931569552740464,0.00265483674072399,0.25000000857997595,1.5000000171599515,0.0004583333533774593
M3,2009-01,CLARABEL_SOLVED,969,1.9272639768625905,1.7612338204316633,0.008806169102158317,0.00010937501112148347,4.243608658757781e-14,-0.0872299675231748,-0.09614551163641216,0.25000001467497307,1.5000000293499458,0.00010937501112148347
M3,2009-02,CLARABEL_SOLVED,964,1.834004101836492,1.7460870107096766,0.008730435053548383,0.00041250003699194304,2.8529705300426825e-06,-0.12032016190519376,-0.12946024402520406,0.25000002737777816,1.500000054755556,0.00041250003699194304
M3,2009-03,CLARABEL_SOLVED,970,1.759045752585595,1.6902891676176923,0.008451445838088462,0.00046041668279966854,6.882349123719539e-06,0.05101105976689439,0.042106079595129985,0.25000002178097486,1.5000000435619498,0.00046041668279966854
M3,2009-04,CLARABEL_SOLVED,972,1.9239359816505588,1.7103321807268834,0.008551660903634418,0.0005593750080175057,1.1700112902255297e-05,-0.025787153816165642,-0.03488648961491531,0.250000013035763,1.5000000260715252,0.0005593750080175057
M3,2009-05,CLARABEL_SOLVED,972,1.9700164357650545,1.6832085402134715,0.008416042701067357,0.00026870228726019426,5.294326792341262e-06,0.10281220334576546,0.09413275268423026,0.25000000319641763,1.500000006392836,0.00026870228726019426
M3,2009-06,CLARABEL_SOLVED,968,1.8980572180628923,1.6579513561168908,0.008289756780584454,0.0001662429006990241,5.16124319821948e-06,0.009726897597768978,0.0012760591596837202,0.2500000118354052,1.5000000236708106,0.0001662429006990241
M3,2009-07,CLARABEL_SOLVED,975,1.8478196832992113,1.7176080277624464,0.008588040138812232,0.0013812500118702317,1.568308871675951e-05,0.03420328569938554,0.02424967863741984,0.25000002171777747,1.500000043435556,0.0013812500118702317
M3,2009-08,CLARABEL_SOLVED,973,1.8406933650717825,1.6423527135188905,0.008211763567594453,0.0001802083489438075,1.823899271885981e-05,-0.032293138104429124,-0.04066687102824852,0.2500000188604037,1.5000000377208076,0.0001802083489438075
M3,2009-09,CLARABEL_SOLVED,964,1.8197159446602296,1.4544021293228222,0.007272010646614111,0.0007989583536461608,2.608980542532387e-05,0.047275245865822726,0.039230366670987775,0.25000003601509335,1.500000072030188,0.0007989583536461608
M3,2009-10,CLARABEL_SOLVED,962,1.8492532641169683,1.6949584010943783,0.008474792005471892,0.0008966892555900975,3.3728493346808657e-05,0.0009960693849397143,-0.008341683382775467,0.2500000079475465,1.5000000158950935,0.0008966892555900975
M3,2009-11,CLARABEL_SOLVED,973,1.7600964964031123,2.072080192206608,0.01036040096103304,0.0002281250068919765,8.197256610435578e-06,0.0417635131968769,0.031183184485562315,0.25000001475700256,1.5000000295140046,0.0002281250068919765
M3,2009-12,CLARABEL_SOLVED,965,1.6646389312178669,2.1380271299260967,0.010690135649630483,0.0013427083453835494,2.0360190648942076e-05,0.08700712658784804,0.07499464278348295,0.25000001594927135,1.5000000318985416,0.0013427083453835494
M3,2010-01,CLARABEL_SOLVED,964,1.9320655677253928,2.1124506177256883,0.010562253088628442,0.00029062501034595367,1.9348191354824644e-05,-0.03622851414275444,-0.047062044050374015,0.2500000226610649,1.5000000453221283,0.00029062501034595367
M3,2010-02,CLARABEL_SOLVED,968,1.9422535641072103,1.7752366603926903,0.008876183301963452,0.0005625000104475681,7.76024889061013e-06,0.10852904808619734,0.09909812502267694,0.25000001611910433,1.5000000322382094,0.0005625000104475681
M3,2010-03,CLARABEL_SOLVED,968,1.7404801178731282,2.377067914855772,0.011885339574278859,0.0013489583438491184,3.117612132613373e-05,0.08512726284602204,0.07192414104922021,0.25000001302669,1.5000000260533783,0.0013489583438491184
M3,2010-04,CLARABEL_SOLVED,960,1.7952987622918537,2.2968426494457397,0.0114842132472287,0.0001072916888821439,2.284504696871373e-05,0.044574475882292776,0.03300581599315065,0.25000003918329566,1.500000078366592,0.0001072916888821439
M3,2010-05,CLARABEL_SOLVED,967,1.7691741319807175,1.9999592757618343,0.009999796378809172,0.000770833369666999,4.181752275764586e-05,-0.12624444983201097,-0.1369732620577295,0.2500000101096393,1.500000020219278,0.000770833369666999
M3,2010-06,CLARABEL_SOLVED,965,1.8467748249659013,2.2202644770481426,0.011101322385240713,0.0004562500099012536,1.1443390240663337e-05,-0.12015195201320261,-0.13169808101810393,0.25000001056321647,1.500000021126434,0.0004562500099012536
M3,2010-07,CLARABEL_SOLVED,966,1.9597336330497022,2.3449944438049126,0.011724972219024563,0.00023125000708673198,9.607038050905039e-06,0.13134212055650465,0.11939550536844426,0.2500000096129184,1.500000019225836,0.00023125000708673198
M3,2010-08,CLARABEL_SOLVED,962,1.8461124227183259,2.414999938865569,0.012074999694327846,0.0005770833391386813,1.4029428081056674e-05,-0.036901589557652374,-0.04953964316303785,0.2500000023756636,1.5000000047513258,0.0005770833391386813
M3,2010-09,CLARABEL_SOLVED,958,1.7603493041856173,2.507877044802849,0.012539385224014247,0.00045208334823868446,1.7997183766769428e-05,0.151012883468562,0.13803941208007586,0.2500000207142604,1.5000000414285206,0.00045208334823868446
M3,2010-10,CLARABEL_SOLVED,964,1.9091945538444164,2.234541007378232,0.01117270503689116,0.00035716704387756275,1.3563624518650053e-05,0.03738931800635512,0.025873009550105047,0.2500000068447793,1.500000013689558,0.00035716704387756275
M3,2010-11,CLARABEL_SOLVED,982,1.833235382590557,2.3228337768930514,0.011614168884465257,0.0010208333749814383,1.8952107157248126e-05,0.016795679325893213,0.004179629173603765,0.2500000113690141,1.5000000227380292,0.0010208333749814383
M3,2010-12,CLARABEL_SOLVED,982,1.745560133756975,2.1512978631856905,0.010756489315928453,0.00040138106937938063,2.5448541022974123e-05,0.09953649102300861,0.08840406917872375,0.25000001724401116,1.5000000344880227,0.00040138106937938063
M3,2011-01,CLARABEL_SOLVED,976,1.973602892083749,2.0496143293444415,0.010248071646722208,0.001031250010687294,2.3227322532035388e-05,-0.008790782546095312,-0.02004687688097278,0.2500000098778229,1.5000000197556456,0.001031250010687294
M3,2011-02,CLARABEL_SOLVED,984,1.9159618069605195,1.8192207966423046,0.009096103983211524,0.0007385416761037302,1.6349784763598518e-05,0.05580647458147761,0.04598817870692596,0.25000000547699,1.5000000109539802,0.0007385416761037302
M3,2011-03,CLARABEL_SOLVED,983,1.8221509582309114,2.384933211189896,0.01192466605594948,0.00019583338184522595,3.042240165870856e-05,0.03391292925488697,0.02182285221875097,0.25000001954769113,1.5000000390953816,0.00019583338184522595
M3,2011-04,CLARABEL_SOLVED,989,1.788999737502077,2.2218390872828415,0.011109195436414207,0.0004572916771489535,2.8557665701998034e-05,0.0031322495819559384,-0.008405679865905225,0.2500000129943824,1.5000000259887638,0.0004572916771489535
M3,2011-05,CLARABEL_SOLVED,989,1.9708744686355575,1.9364524965234695,0.009682262482617348,0.0017468750418184226,2.3139270026858688e-05,-0.026565111121225348,-0.03797110937563426,0.2500000470986727,1.5000000941973468,0.0017468750418184226
M3,2011-06,CLARABEL_SOLVED,987,2.1464203949497715,2.1750001047182197,0.010875000523591099,0.0002489583454254745,2.5483142398250028e-05,-0.011211915619864593,-0.022310391346482914,0.2500000222612896,1.5000000445225792,0.0002489583454254745
M3,2011-07,CLARABEL_SOLVED,988,1.8670781174998912,2.04492954877808,0.0102246477438904,0.0004802085024149991,1.074294470568102e-05,-0.034068870731420176,-0.04476298403301989,0.2500000284302206,1.5000000568604421,0.0004802085024149991
M3,2011-08,CLARABEL_SOLVED,986,1.8880850135789327,2.04290690430037,0.010214534521501851,0.0012156250217364131,1.2242303180755436e-05,-0.09757813689740047,-0.10899605413745798,0.25000001651578496,1.5000000330315704,0.0012156250217364131
M3,2011-09,CLARABEL_SOLVED,990,2.067762548697855,2.4733333727722484,0.012366666863861243,0.002607291699372998,1.816438822099178e-05,-0.18719060125904807,-0.2021463954340613,0.2500000300792866,1.500000060158573,0.002607291699372998
M3,2011-10,CLARABEL_SOLVED,991,2.016156047368612,2.4087501023270366,0.012043750511635183,0.0011114584229524429,4.639358471642089e-05,0.30384496068918904,0.2907361453393178,0.25000003691367345,1.5000000738273482,0.0011114584229524429
M3,2011-11,CLARABEL_SOLVED,985,1.859483981911574,2.7073685143627526,0.013536842571813763,0.0002541666924900965,4.851834211853535e-05,0.04989938640225594,0.03615689548007062,0.2500000117524946,1.50000002350499,0.0002541666924900965
M3,2011-12,CLARABEL_SOLVED,983,1.7890450650746228,2.057692333175606,0.01028846166587803,0.00037604168093371883,2.1902829927715183e-05,-0.000528719954763647,-0.01117132047164768,0.250000020525564,1.5000000410511283,0.00037604168093371883
M3,2012-01,CLARABEL_SOLVED,983,1.997225529704215,1.9223161917687057,0.009611580958843529,0.00026770836174002966,2.1076402541156735e-05,0.09127283914166359,0.0814146262236212,0.25000003131302434,1.500000062626048,0.00026770836174002966
M3,2012-02,CLARABEL_SOLVED,984,2.0623827193243502,2.3875327036694713,0.011937663518347357,0.0009623310626380483,2.0866633119453223e-05,0.05769552560130789,0.04481639765344193,0.2500000424119601,1.5000000848239203,0.0009623310626380483
M3,2012-03,CLARABEL_SOLVED,983,1.746787103660565,1.9417584197622635,0.009708792098811318,0.0012354167348414692,3.799418311730052e-05,0.04781341256858249,0.036907197918047,0.2500000129346618,1.500000025869325,0.0012354167348414692
M3,2012-04,CLARABEL_SOLVED,984,1.9071605462363084,2.17164825029971,0.01085824125149855,0.001094791668894086,3.6989861573176065e-05,0.0014736966515334435,-0.010442346407286016,0.25000000349038365,1.500000006980767,0.001094791668894086
M3,2012-05,CLARABEL_SOLVED,983,1.8265472315594888,1.9508334021801383,0.009754167010900691,0.00027500003746974927,2.844552705145316e-05,-0.0434434347251628,-0.053444156246481786,0.2500000335556109,1.5000000671112224,0.00027500003746974927
M3,2012-06,CLARABEL_SOLVED,981,1.823905534591221,1.7124274782988425,0.008562137391494213,0.0010447916876946534,2.7169573340291256e-05,0.05673902641160725,0.047159266905758675,0.25000000992996063,1.5000000198599215,0.0010447916876946534
M3,2012-07,CLARABEL_SOLVED,978,1.8809761644409846,1.8808168896419728,0.009404084448209863,0.0022187473404051803,2.7858368175379456e-05,0.029314179973260253,0.017719206552820586,0.25000001884603806,1.500000037692076,0.0022187473404051803
M3,2012-08,CLARABEL_SOLVED,980,1.8011935313572969,2.0009091158555807,0.010004545579277904,0.0018281250139703911,3.0514081047850112e-05,0.0663156873344219,0.054513530822221455,0.25000001886688167,1.5000000377337637,0.0018281250139703911
M3,2012-09,CLARABEL_SOLVED,977,1.858676096052605,2.31890969364927,0.011594548468246351,0.00044687503115975463,4.148532975632659e-05,0.048234008300752446,0.036234070131102664,0.25000001534237476,1.500000030684749,0.00044687503115975463
M3,2012-10,CLARABEL_SOLVED,978,2.001302639819445,2.27782574687573,0.011389128734378652,0.0018916666883788645,3.902039103659734e-05,0.013263591772004708,2.1816740283789438e-05,0.2500000183410228,1.5000000366820447,0.0018916666883788645
M3,2012-11,CLARABEL_SOLVED,980,1.835068092359821,2.0591305878159787,0.010295652939079894,0.0033843750359159033,2.2980349847322248e-05,0.0469561732937646,0.03329912566861613,0.2500000191767364,1.5000000383534726,0.0033843750359159033
M3,2012-12,CLARABEL_SOLVED,978,1.8254214742518529,2.305714346473721,0.011528571732368605,0.0006375001885961772,3.2046282010969066e-05,0.012254868152505007,0.00012084251355119446,0.25000003400600423,1.5000000680120085,0.0006375001885961772
M3,2013-01,CLARABEL_SOLVED,976,2.0115143612241773,1.9225338386816742,0.009612669193408372,0.0008197916825932944,3.33060491155751e-05,0.074113996862372,0.0637148420354859,0.25000003448927877,1.5000000689785584,0.0008197916825932944
M3,2013-02,CLARABEL_SOLVED,976,1.8004810390830912,2.1461691738941115,0.010730845869470557,0.0010958268397614078,2.042907233122302e-05,-0.0051733021253444955,-0.016979545762245238,0.2500000057254905,1.5000000114509806,0.0010958268397614078
M3,2013-03,CLARABEL_SOLVED,976,1.7553679859646039,2.0777778282686628,0.010388889141343314,0.00027812501304095677,3.6612477343189235e-05,0.060723889121907175,0.050093487444866094,0.2500000292987753,1.500000058597552,0.00027812501304095677
M3,2013-04,CLARABEL_SOLVED,973,1.602119574805499,2.1058537233245866,0.010529268616622933,0.0008028276846734081,3.94962743336558e-05,-0.024815462363991327,-0.036108062390954015,0.25000001404444183,1.5000000280888832,0.0008028276846734081
M3,2013-05,CLARABEL_SOLVED,968,1.7586103718911597,2.1033533369727224,0.010516766684863612,0.0005260416892666247,3.90250938826011e-05,0.05404505833829764,0.04304127505805,0.2500000297775251,1.5000000595550502,0.0005260416892666247
M3,2013-06,CLARABEL_SOLVED,972,1.8989019012886408,2.036732209735093,0.010183661048675465,0.0010177083452366353,3.957171210623311e-05,-0.05336510571530326,-0.06452690339710912,0.25000001571517017,1.5000000314303377,0.0010177083452366353
M3,2013-07,CLARABEL_SOLVED,974,1.9798184091472062,2.235878243670919,0.011179391218354595,0.0011656250221755177,2.8019582378945877e-05,0.1130728511946994,0.10075585453654823,0.2500000320058869,1.5000000640117732,0.0011656250221755177
M3,2013-08,CLARABEL_SOLVED,972,1.8506102130737592,2.146486552477031,0.010732432762385155,0.001939583385008874,3.235490308614204e-05,-0.0020768469354413253,-0.014716508179749212,0.2500000096834102,1.5000000193668213,0.001939583385008874
M3,2013-09,CLARABEL_SOLVED,975,1.973920986336272,1.9971429162385588,0.009985714581192793,0.0008802083448123824,2.6029030811115115e-05,0.06329691257236111,0.05245701867716705,0.25000002240410485,1.5000000448082096,0.0008802083448123824
M3,2013-10,CLARABEL_SOLVED,970,1.8697143031332066,1.8111111775067719,0.009055555887533859,0.0019791667492792403,4.7616934928064294e-05,0.03709582167880912,0.026108715976924088,0.25000000799180494,1.5000000159836095,0.0019791667492792403
M3,2013-11,CLARABEL_SOLVED,963,1.9690273004064331,2.1527371940846125,0.010763685970423063,0.00031770834203270797,2.002890048177788e-05,0.0648945988177525,0.05383323340577851,0.25000001456225024,1.5000000291245001,0.00031770834203270797
M3,2013-12,CLARABEL_SOLVED,964,1.7865567304329328,2.707142915402059,0.013535714577010296,0.0011353755063976045,4.366929603892371e-05,0.025853789338611828,0.011226368551242852,0.2500000246525377,1.5000000493050747,0.0011353755063976045
M3,2014-01,CLARABEL_SOLVED,964,1.8389247917688065,2.354883873272284,0.01177441936636142,0.001701041353171109,3.827575930215264e-05,0.007879072311619599,-0.0055581126486107775,0.2500000099349324,1.5000000198698646,0.001701041353171109
M3,2014-02,CLARABEL_SOLVED,969,1.895519469427638,2.2366667129789572,0.011183333564894786,0.0011645834817651003,3.158382242383903e-05,0.09268505024638468,0.08036871702214864,0.2500000203284074,1.5000000406568135,0.0011645834817651003
M3,2014-03,CLARABEL_SOLVED,968,1.7384270456943296,2.02294349714345,0.010114717485717252,0.0007935338861662262,3.5114679572602194e-05,-0.008006287949476054,-0.01887942464178693,0.25000000091470803,1.5000000018294168,0.0007935338861662262
M3,2014-04,CLARABEL_SOLVED,991,2.171328004140912,2.3117202057964006,0.011558601028982003,0.0010114583396506835,1.8050953288169176e-05,-0.07723664317332256,-0.08978865158866708,0.25000000721890736,1.5000000144378163,0.0010114583396506835
M3,2014-05,CLARABEL_SOLVED,993,2.108340666651142,2.3883327346799827,0.011941663673399914,0.0002892995073000306,1.3222093582172139e-05,-0.016846494039765285,-0.029064235126883057,0.25000000631132835,1.5000000126226563,0.0002892995073000306
M3,2014-06,CLARABEL_SOLVED,992,1.8890863837267644,2.6215725211994134,0.013107862605997068,0.001771875027284405,1.2536075932163386e-05,0.08163452859059446,0.06676732703324514,0.2500000256702309,1.5000000513404619,0.001771875027284405
M3,2014-07,CLARABEL_SOLVED,989,1.901568431663579,2.138931387865825,0.010694656939329125,0.000769851498039651,3.191243187777055e-05,-0.006271928986990562,-0.017704524992481565,0.2500000254309012,1.5000000508618025,0.000769851498039651
M3,2014-08,CLARABEL_SOLVED,991,1.8567274503601296,2.080000081504516,0.010400000407522581,0.0013312997721742687,7.820459533216902e-06,0.11066344732195318,0.09893996760178957,0.2500000377239136,1.5000000754478262,0.0013312997721742687
M3,2014-09,CLARABEL_SOLVED,991,1.7923145916044418,2.1933334278458245,0.010966667139229122,0.00182339854909424,3.315036162813341e-05,-0.044041800189742575,-0.0567987155164378,0.2500000253456342,1.500000050691268,0.00182339854909424
M3,2014-10,CLARABEL_SOLVED,988,1.9379706337260163,2.2487670911100164,0.011243835455550083,0.0001958334743568129,7.268406150434391e-06,-0.07026990831330336,-0.08170230883705981,0.2500000272584886,1.500000054516977,0.0001958334743568129
M3,2014-11,CLARABEL_SOLVED,988,1.9666776342077175,2.1311489056535073,0.010655744528267537,0.0004385416960364263,1.4659217622110914e-05,-0.07783156981132745,-0.0889111968180093,0.25000001803828126,1.5000000360765622,0.0004385416960364263
M3,2014-12,CLARABEL_SOLVED,988,1.9144409446781814,2.096014271507492,0.01048007135753746,0.0011031250275176352,2.2810750761331487e-05,-0.06607075176788674,-0.07763113740218051,0.25000004690788546,1.5000000938157712,0.0011031250275176352
M3,2015-01,CLARABEL_SOLVED,989,2.046209224703885,2.005679011031778,0.01002839505515889,0.0012177083468250531,3.172202598421563e-05,-0.00844470265915381,-0.019659084035153537,0.2500000104778086,1.5000000209556172,0.0012177083468250531
M3,2015-02,CLARABEL_SOLVED,989,1.817952627791696,2.0362962750248172,0.010181481375124087,0.0010895834080896407,4.161287062398231e-05,0.03531044988762683,0.024080997975037082,0.2500000164529441,1.500000032905888,0.0010895834080896407
M3,2015-03,CLARABEL_SOLVED,992,1.9574552694833705,1.9857143336276013,0.009928571668138007,0.0020270834252407105,4.086879736270769e-05,0.04891201598139022,0.036997229685374215,0.25000001325676147,1.5000000265135198,0.0020270834252407105
M3,2015-04,CLARABEL_SOLVED,992,1.9144162362120207,2.1460869994535554,0.010730434997267778,0.00037961969592060737,2.0337103632519428e-05,-0.027914713083085775,-0.03900443067264164,0.25000002636986635,1.5000000527397321,0.00037961969592060737
M3,2015-05,CLARABEL_SOLVED,989,2.002301962934256,1.9533333687164531,0.009766666843582265,0.0007687500458250518,2.890839011440486e-05,0.06823764199759716,0.05773113349830425,0.2500000174749506,1.5000000349499012,0.0007687500458250518
M3,2015-06,CLARABEL_SOLVED,991,1.7442907577784532,2.0066716526920274,0.010033358263460137,0.0008097753254150776,2.2745482756690366e-05,-0.03315691654794049,-0.04397730465405901,0.2500000418919731,1.5000000837839467,0.0008097753254150776
M3,2015-07,CLARABEL_SOLVED,991,1.9622513640944732,1.9826087819522,0.009913043909761,0.00226770836583151,3.363898721947066e-05,0.0058200044574391666,-0.006327108830933873,0.25000003183660285,1.5000000636732058,0.00226770836583151
M3,2015-08,CLARABEL_SOLVED,992,1.7083554335897686,2.295897526847836,0.01147948763423918,0.0005260417037955444,1.7327435079105615e-05,-0.0646116997219221,-0.07659990162487772,0.2500000284311583,1.5000000568623166,0.0005260417037955444
M3,2015-09,CLARABEL_SOLVED,995,1.9437416948381294,2.4158975980266058,0.01207948799013303,0.003979166769328021,1.4211812647992186e-05,-0.1241076678774994,-0.14015211082431245,0.250000041764174,1.5000000835283496,0.003979166769328021
M3,2015-10,CLARABEL_SOLVED,993,1.9620460390729584,1.7350285233020375,0.008675142616510187,0.0010180858218472822,2.1099265583339154e-05,0.04835476187356799,0.03868263270079386,0.2500000313663997,1.5000000627327998,0.0010180858218472822
M3,2015-11,CLARABEL_SOLVED,993,1.9403903060018095,1.9969974949359877,0.009984987474679938,0.003102083364327389,3.2570463648501775e-05,0.046202731708032005,0.03314823133267319,0.2500000182389671,1.5000000364779342,0.003102083364327389
M3,2015-12,CLARABEL_SOLVED,991,1.8671196599389097,2.14000103705909,0.01070000518529545,0.0008479167427328367,6.097814338152817e-05,0.0397943325160944,0.028307388731447638,0.25000001622288015,1.5000000324457612,0.0008479167427328367
M3,2016-01,CLARABEL_SOLVED,992,1.8812530289213927,2.2118181888115824,0.011059090944057912,0.0021583333382471175,2.1996206115810215e-05,-0.12206065504208773,-0.13525608311827694,0.25000000585747384,1.5000000117149477,0.0021583333382471175
M3,2016-02,CLARABEL_SOLVED,990,1.8812847691213221,2.2306467317779948,0.011153233658889974,0.0004041666932941426,1.9822448920612504e-05,-0.03916208098708008,-0.050699658890343585,0.25000001003332023,1.5000000200666417,0.0004041666932941426
M3,2016-03,CLARABEL_SOLVED,989,1.802344765452537,2.3705882311906885,0.011852941155953443,0.001655208359915633,4.121475957314767e-05,0.032258291258314344,0.018791356502018415,0.2500000305362593,1.50000006107252,0.001655208359915633
M3,2016-04,CLARABEL_SOLVED,993,1.8544553548188114,1.6300000883010455,0.008150000441505227,0.0007312500158010006,4.8245310607766724e-05,-0.026232093578334368,-0.035065098725032835,0.25000001630584345,1.5000000326116867,0.0007312500158010006
M3,2016-05,CLARABEL_SOLVED,992,1.9858880638001453,1.4803921586958946,0.007401960793479473,0.0009770836301444788,3.7992435503317434e-05,0.08122383381358053,0.07288278182545989,0.25000002119182846,1.5000000423836577,0.0009770836301444788
M3,2016-06,CLARABEL_SOLVED,988,1.6253641740639655,1.6831954003686969,0.008415977001843485,0.002877083271398646,7.955856331679043e-05,0.029919835028341286,0.018706333318415945,0.2500000363118252,1.5000000726236504,0.002877083271398646
M3,2016-07,CLARABEL_SOLVED,991,1.6749099531131106,2.4946917817705705,0.012473458908852852,0.001109375049844346,8.566407189754411e-05,0.09403515823556713,0.08053798834876748,0.2500000268474261,1.5000000536948521,0.001109375049844346
M3,2016-08,CLARABEL_SOLVED,991,1.8404478508587965,2.3727273072239594,0.011863636536119798,0.001425000013453392,3.896947146205158e-05,-0.013077292852782309,-0.026326959930893446,0.2500000122040613,1.500000024408122,0.001425000013453392
M3,2016-09,CLARABEL_SOLVED,990,1.9871613644637875,1.8888586132148717,0.009444293066074359,0.0004470888531651298,2.6361763933646702e-05,0.033384711820234766,0.023519691664928923,0.2500000089058992,1.5000000178117983,0.0004470888531651298
M3,2016-10,CLARABEL_SOLVED,989,1.8269606068116497,2.2223463938173262,0.011111731969086632,0.001280220494139581,3.937194338406051e-05,-0.008366526783223392,-0.020719107303065545,0.2500000204327423,1.500000040865484,0.001280220494139581
M3,2016-11,CLARABEL_SOLVED,990,1.8065711987843212,2.1051748663653482,0.01052587433182674,0.0009156250268225466,1.5174547212067214e-05,0.16563116233258143,0.1542048375211442,0.25000002166421753,1.5000000433284342,0.0009156250268225466
M3,2016-12,CLARABEL_SOLVED,990,1.8926620460758965,2.5852913824581027,0.012926456912290513,0.00047812501719653134,4.618064237270849e-05,0.006190630315785468,-0.007167770971328868,0.25000001340440453,1.500000026808808,0.00047812501719653134
M3,2017-01,CLARABEL_SOLVED,991,2.0242109127376358,2.188695508021448,0.01094347754010724,0.0023614583933647283,1.6702568884970737e-05,0.06976133467890648,0.05647310131431948,0.25000002095471335,1.5000000419094266,0.0023614583933647283
M3,2017-02,CLARABEL_SOLVED,988,1.5869672229020535,2.218530991416279,0.011092654957081395,0.00083125007714084,1.4190774904861345e-05,0.01409764052223706,0.0021879262629196866,0.2500000155370938,1.5000000310741872,0.00083125007714084
M3,2017-03,CLARABEL_SOLVED,992,1.7622588373758887,2.302130235711954,0.01151065117855977,0.002210344606964637,1.9562631482015692e-05,-0.048698453831843014,-0.0623998869858854,0.2500000070048065,1.5000000140096121,0.002210344606964637
M3,2017-04,CLARABEL_SOLVED,994,1.9395201125552635,2.407857629183662,0.01203928814591831,0.0006833333675202023,3.0250521006793636e-05,-0.016927971124047106,-0.029620342116478827,0.25000001981273035,1.500000039625461,0.0006833333675202023
M3,2017-05,CLARABEL_SOLVED,992,1.8375549258844555,2.0587433359793383,0.010293716679896692,0.0021166666980892293,2.1217756350041795e-05,-0.0037888905731920334,-0.016178056194827914,0.25000000882659734,1.5000000176531956,0.0021166666980892293
M3,2017-06,CLARABEL_SOLVED,991,1.6527385571143147,2.2160194677658085,0.011080097338829044,0.0008718753398853615,2.1351575851982017e-05,0.07245045850762266,0.06051983740476023,0.25000000796596317,1.500000015931926,0.0008718753398853615
M3,2017-07,CLARABEL_SOLVED,991,1.9920167529787904,2.052155798145452,0.01026077899072726,0.0035306663421541917,0.00014787242924001916,0.04601350996377419,0.03236993706013276,0.25000001073128564,1.5000000214625722,0.0035306663421541917
M3,2017-08,CLARABEL_SOLVED,993,1.8002516340430936,2.3008732589278433,0.011504366294639216,0.0015302083443205939,1.7349834409653364e-05,0.07939079692944247,0.06637357212489231,0.25000001365006713,1.5000000273001357,0.0015302083443205939
M3,2017-09,CLARABEL_SOLVED,990,1.8269697656874189,2.2009091223217974,0.011004545611608987,0.002556250149085946,1.6654023353311662e-05,0.040739317278002535,0.027195175540660914,0.25000001235339864,1.500000024706798,0.002556250149085946
M3,2017-10,CLARABEL_SOLVED,993,2.0666264389139575,2.1248275872611555,0.010624137936305778,0.0022389435495697545,3.168860435178797e-05,0.011945671268921598,-0.0008857216126021464,0.25000000869893035,1.5000000173978618,0.0022389435495697545
M3,2017-11,CLARABEL_SOLVED,995,1.8107998911257168,2.1550000279020836,0.010775000139510419,0.0010499987670096209,2.1197615664518136e-05,-0.00745923022271849,-0.019263031513574017,0.25000001079177864,1.5000000215835578,0.0010499987670096209
M3,2017-12,CLARABEL_SOLVED,997,1.9750196846782533,2.3570048226837925,0.011785024113418963,0.0010034331398718266,4.0550173834217525e-05,0.03102210931546933,0.018274202236012758,0.250000016128093,1.5000000322561855,0.0010034331398718266
M3,2018-01,CLARABEL_SOLVED,995,1.9884876231844666,1.7626342696696498,0.00881317134834825,0.0018270835003484209,3.7497046799656676e-05,0.10731385446532778,0.09671109666343077,0.250000014499597,1.5000000289991942,0.0018270835003484209
M3,2018-02,CLARABEL_SOLVED,993,1.8392244771997328,2.1188235574718357,0.010594117787359178,0.0017593750034491068,2.9909583365823124e-05,-0.07822838496368625,-0.09055196817112872,0.25000000229239594,1.5000000045847917,0.0017593750034491068
M3,2018-03,CLARABEL_SOLVED,992,2.0737366064822145,2.449547662660808,0.01224773831330404,0.001317436697886636,2.373630515199109e-05,-0.04095179045074434,-0.05449322915678302,0.25000002643214525,1.5000000528642912,0.001317436697886636
M3,2018-04,CLARABEL_SOLVED,994,2.053859001350583,1.9891139344820812,0.009945569672410406,0.004070076616412553,2.929448902521852e-05,-0.008798185633056243,-0.022784537432853982,0.2500000201783884,1.5000000403567766,0.004070076616412553
M3,2018-05,CLARABEL_SOLVED,990,1.942121776573339,1.617647090482882,0.008088235452414409,0.0011998260940982524,2.7684176888949825e-05,0.13143552700512945,0.12217514963550573,0.2500000054464854,1.5000000108929714,0.0011998260940982524
M3,2018-06,CLARABEL_SOLVED,992,1.8706007836272434,2.3324323502339284,0.011662161751169643,0.0021024001100694734,2.1772210168742518e-05,0.006772945121352278,-0.006969844529718096,0.25000001691793544,1.5000000338358714,0.0021024001100694734
M3,2018-07,CLARABEL_SOLVED,997,1.9907071136676266,1.9582337002339765,0.009791168501169883,0.0013599271255965162,1.8763208571516408e-05,0.0023083725454377535,-0.00882395987275713,0.25000001697573143,1.500000033951462,0.0013599271255965162
M3,2018-08,CLARABEL_SOLVED,995,1.8910100637394731,2.1779158624070103,0.010889579312035052,0.0005380189517506348,0.00039324997974280054,0.1005963411964379,0.08956199291239501,0.25000000956655993,1.5000000191331204,0.0005380189517506348
M3,2018-09,CLARABEL_SOLVED,996,1.6911655203898717,1.9894737109135987,0.009947368554567994,0.0006859284319931947,2.5688558546170024e-05,-0.05573237429107126,-0.06633998271908628,0.25000000576019976,1.5000000115204,0.0006859284319931947
M3,2018-10,CLARABEL_SOLVED,995,1.8748039583245526,2.0372307774274097,0.010186153887137048,0.004014343362489404,2.2975941442963886e-05,-0.11231341889646242,-0.1264909402046459,0.2500000085055492,1.5000000170110956,0.004014343362489404
M3,2018-11,CLARABEL_SOLVED,995,1.9439067506280665,1.9358475261105572,0.009679237630552786,0.001658212965032754,9.791047210459822e-06,0.012317363443710821,0.0009897038953357413,0.25000002308547453,1.5000000461709488,0.001658212965032754
M3,2018-12,CLARABEL_SOLVED,994,1.9346772688314864,2.500759233006465,0.012503796165032326,0.000894004598998054,2.343508165804981e-05,-0.1168550891897136,-0.13022945487208593,0.2500000078273297,1.500000015654659,0.000894004598998054
M3,2019-01,CLARABEL_SOLVED,996,1.809824897710826,2.3023529743680093,0.011511764871840047,0.00045249011217885285,2.3973899970466446e-05,0.13512277501488495,0.12318249393083652,0.2500000262955772,1.500000052591155,0.00045249011217885285
M3,2019-02,CLARABEL_SOLVED,994,1.8770643144724277,2.3552353863929865,0.011776176931964933,0.0013295112791658617,2.8773372087888963e-05,0.03298018480071467,0.01990326996167176,0.2500000044227082,1.5000000088454177,0.0013295112791658617
M3,2019-03,CLARABEL_SOLVED,993,1.9315595493177236,1.8991902402178829,0.009495951201089415,0.002398226761184037,3.3963344713152886e-05,0.007834849008946591,-0.004025365608613708,0.2500000306944468,1.5000000613888942,0.002398226761184037
M3,2019-04,CLARABEL_SOLVED,993,1.8936527139605173,2.3124326741030257,0.01156216337051513,0.0009350637329268161,2.65648974943766e-05,0.001309506851431422,-0.011161155354516146,0.25000002502043606,1.500000050040872,0.0009350637329268161
M3,2019-05,CLARABEL_SOLVED,994,1.9701094740541236,1.993333557510331,0.009966667787551656,0.0007620723138819241,3.022649078131629e-05,-0.00043079795725248227,-0.011129311567904747,0.2500000105808804,1.50000002116176,0.0007620723138819241
M3,2019-06,CLARABEL_SOLVED,992,1.7726635512706068,2.2237375129265207,0.011118687564632603,0.0017486020192694837,2.7719018971043107e-05,0.09818782575993873,0.08534825519500767,0.250000038089845,1.5000000761796906,0.0017486020192694837
M3,2019-07,CLARABEL_SOLVED,989,1.901270459773696,2.1923810275765963,0.010961905137882982,0.004627799070115982,3.532023314958382e-05,0.011280477853409406,-0.004273906121439974,0.2500000450603586,1.5000000901207173,0.004627799070115982
M3,2019-08,CLARABEL_SOLVED,989,1.8611522722356144,1.641758285187162,0.00820879142593581,0.0007817739257170858,3.5945795520249835e-05,-0.05004100255280071,-0.05899562210893335,0.25000001378490555,1.5000000275698122,0.0007817739257170858
M3,2019-09,CLARABEL_SOLVED,991,1.722620001892886,2.184324367055616,0.010921621835278079,0.001326984246223259,2.362541788375591e-05,-0.0019201079529408346,-0.014145088616558416,0.2500000114281665,1.5000000228563333,0.001326984246223259
M3,2019-10,CLARABEL_SOLVED,991,2.2064336095261425,2.3873684555822967,0.011936842277911483,0.001141589022209985,4.012951117146637e-05,0.01863868804323538,0.005600386254285379,0.25000002466877114,1.5000000493375425,0.001141589022209985
M3,2019-11,CLARABEL_SOLVED,991,1.8064960247315827,2.012114226363767,0.010060571131818834,0.00040877121235352267,3.1697807592099455e-05,0.030137185475547095,0.019699540938966836,0.25000001446118536,1.5000000289223712,0.00040877121235352267
M3,2019-12,CLARABEL_SOLVED,994,1.9000502515774644,2.0122801886580723,0.010061400943290362,0.0002012761152818831,2.8321540650512744e-05,0.020073327699446385,0.009838972181524653,0.2500000152603317,1.5000000305206629,0.0002012761152818831
M3,2020-01,CLARABEL_SOLVED,994,1.8964136059371373,1.757769813698367,0.008788849068491835,0.0006111024444707298,2.9783841442438224e-05,0.04170500572476027,0.03233483805324014,0.25000000677483625,1.5000000135496727,0.0006111024444707298
M3,2020-02,CLARABEL_SOLVED,991,1.725356248281634,1.7488889005710524,0.008744444502855261,0.0018087166208936153,5.561550392972697e-05,-0.050064418229660006,-0.06056196384947916,0.25000000352592733,1.500000007051855,0.0018087166208936153
M3,2020-03,CLARABEL_SOLVED,996,1.76439705345717,2.0164707076931228,0.010082353538465615,0.0021391665002641956,4.905206359510238e-05,-0.14171662933023224,-0.15388909730536696,0.25000003525589276,1.5000000705117866,0.0021391665002641956
M3,2020-04,CLARABEL_SOLVED,993,1.8172140263863121,1.6525086013407961,0.00826254300670398,0.0010720132462683839,2.6328200718478628e-05,0.3965477359310953,0.3872395078788414,0.2500000071154143,1.500000014230828,0.0010720132462683839
M3,2020-05,CLARABEL_SOLVED,991,1.9616426565879166,2.440505154197705,0.012202525770988527,0.0011264820195456748,4.196748628643873e-05,0.05766358420707283,0.04437654390282506,0.2500000030888708,1.5000000061777428,0.0011264820195456748
M3,2020-06,CLARABEL_SOLVED,992,1.8446601689781863,1.378649076971618,0.00689324538485809,0.0031583755255981238,5.691050105395468e-05,0.04311163386426167,0.033116923454859414,0.25000000972225883,1.500000019444517,0.0031583755255981238
M3,2020-07,CLARABEL_SOLVED,998,1.8225183122761814,1.4923598082713414,0.007461799041356707,0.0042681437696073955,4.111469288516024e-05,0.0454913840596133,0.03380255594153436,0.25000003544064797,1.5000000708812955,0.0042681437696073955
M3,2020-08,CLARABEL_SOLVED,997,1.7838919601748384,1.759042555189398,0.00879521277594699,0.0023179266865957253,3.280966233512698e-05,0.1421563450849295,0.1310760152847219,0.2500000198479226,1.5000000396958446,0.0023179266865957253
M3,2020-09,CLARABEL_SOLVED,997,2.0167501511785826,1.9949103194234614,0.009974551597117307,0.0001190729736683536,0.0003531492487595801,-0.06449792176530494,-0.07423839708733103,0.2500000069615887,1.5000000139231782,0.0001190729736683536
M3,2020-10,CLARABEL_SOLVED,995,1.9531838646273003,2.2136709356580866,0.011068354678290433,0.0015600291079220902,1.7893658642404552e-05,-0.05383474372652562,-0.06644523385409574,0.2500000118231374,1.500000023646275,0.0015600291079220902
M3,2020-11,CLARABEL_SOLVED,995,2.1064031575990314,1.9487623142799593,0.009743811571399797,0.002072815041895258,0.0005799874295381769,0.32438016886571264,0.31314352968195575,0.2500000092059128,1.5000000184118247,0.002072815041895258
M3,2020-12,CLARABEL_SOLVED,999,1.781548691514055,1.8339257838428291,0.009169628919214147,0.004136107830054552,3.09810595417444e-05,0.013115157211013865,-0.0001595984787130893,0.2500000075848906,1.5000000151697814,0.004136107830054552
M3,2021-01,CLARABEL_SOLVED,1000,2.138887777595359,1.6052925308480646,0.008026462654240323,0.0008117687667840913,0.000331607203795616,0.13120120103960997,0.12269457682238118,0.2500000107362038,1.5000000214724072,0.0008117687667840913
M3,2021-02,CLARABEL_SOLVED,998,1.8836480641347626,1.6550721518763085,0.008275360759381543,0.0014628965278934067,2.8905996035859458e-05,-0.061762166398444125,-0.07147151768968321,0.25000000910151715,1.5000000182030346,0.0014628965278934067
M3,2021-03,CLARABEL_SOLVED,999,1.8649357443808583,1.5403572711621454,0.007701786355810727,0.0021122892210805933,1.7614864022840597e-05,0.017282918104222927,0.007486457391354447,0.25000000722962823,1.500000014459257,0.0021122892210805933
M3,2021-04,CLARABEL_SOLVED,998,2.046668699007885,2.0746137427685625,0.010373068713842812,0.002217772002206606,1.6129605978417525e-05,-0.02983879191466063,-0.042413503024731625,0.25000003513821323,1.500000070276426,0.002217772002206606
M3,2021-05,CLARABEL_SOLVED,997,1.6409824551112269,2.16080524482014,0.010804026224100701,0.0018570605817830065,2.5498555443246124e-05,-0.005880394191456438,-0.0185159824418969,0.25000000798442423,1.500000015968848,0.0018570605817830065
M3,2021-06,CLARABEL_SOLVED,999,1.8532985348571225,1.7911503568428662,0.00895575178421433,0.0026663828073993125,2.8193279034798715e-05,0.08410736168711083,0.072513420374532,0.2500000103915809,1.5000000207831603,0.0026663828073993125
M3,2021-07,CLARABEL_SOLVED,998,1.6863387929954057,2.099581663045928,0.010497908315229641,0.002290712842877654,2.430063923668134e-05,-0.042049631299609834,-0.05481395181848045,0.2500000133783156,1.5000000267566318,0.002290712842877654
M3,2021-08,CLARABEL_SOLVED,997,2.0734342045789065,2.432777982246142,0.01216388991123071,0.0018751294124697896,3.236798097760581e-05,-0.04598750636055577,-0.059994157703278664,0.25000003343398786,1.5000000668679747,0.0018751294124697896
M3,2021-09,CLARABEL_SOLVED,998,1.7708680271270576,2.231376684341688,0.011156883421708438,0.0016633288587237676,3.073229498749538e-05,-0.02551391018798231,-0.038303390173427015,0.2500000151700849,1.5000000303401693,0.0016633288587237676
M3,2021-10,CLARABEL_SOLVED,998,1.9075693035882113,2.215133009094067,0.011075665045470336,0.0017412524731496852,2.029059827014972e-05,0.02128514479965337,0.008488517879303499,0.2500000140010724,1.5000000280021428,0.0017412524731496852
M3,2021-11,CLARABEL_SOLVED,997,1.6720213187572115,2.4396719823693993,0.012198359911846996,0.0032013280782791764,2.9716951444934745e-05,-0.061671100869813436,-0.07704107190849467,0.25000000262921873,1.500000005258439,0.0032013280782791764
M3,2021-12,CLARABEL_SOLVED,994,1.8533596753345525,2.1805423605504455,0.010902711802752228,0.0004532991632451197,2.1900269116182935e-05,-0.07559458396186183,-0.086928694658743,0.25000000689760093,1.500000013795201,0.0004532991632451197
M3,2022-01,CLARABEL_SOLVED,993,2.060800129497152,2.054680638434088,0.010273403192170441,0.0041767975174942145,1.3341973579748378e-05,-0.10950625154665852,-0.12394311028274344,0.25000003480898764,1.5000000696179758,0.0041767975174942145
M3,2022-02,CLARABEL_SOLVED,991,1.9133606736210125,2.0343082063463864,0.010171541031731932,0.001974942713110576,3.744071602701757e-05,-0.03287164172830762,-0.04498068475712312,0.2500000404434128,1.5000000808868257,0.001974942713110576
M3,2022-03,CLARABEL_SOLVED,993,1.8044237083655306,2.074614640971526,0.010373073204857631,0.0010420954282120436,5.643832645517883e-05,0.011722370642887885,0.000363640336273389,0.25000002062211485,1.500000041244229,0.0010420954282120436
M3,2022-04,CLARABEL_SOLVED,990,1.8832322412245779,1.8626087448806068,0.009313043724403034,0.0012477020999589277,3.5674107914971634e-05,-0.04744379332440103,-0.057968865040848014,0.25000002124125326,1.500000042482506,0.0012477020999589277
M3,2022-05,CLARABEL_SOLVED,991,1.8350168675547438,1.6281551952957973,0.008140775976478987,0.0026348743678009387,3.7642027773137065e-05,0.014293371511365907,0.003555363194859118,0.250000014845556,1.5000000296911102,0.0026348743678009387
M3,2022-06,CLARABEL_SOLVED,990,1.8246284696937334,1.8566685991255232,0.009283342995627617,0.0013302139784413108,3.365355960907011e-05,-0.12608804664140097,-0.13666795005586083,0.2500000627881626,1.5000001255763238,0.0013302139784413108
M3,2022-07,CLARABEL_SOLVED,991,2.035782082762249,2.024544333458363,0.010122721667291815,0.0008405987198917451,7.801306796705115e-05,0.1390439302538589,0.1281586229346424,0.2500000077611053,1.500000015522211,0.0008405987198917451
M3,2022-08,CLARABEL_SOLVED,988,1.9758990440830537,1.8991304872171892,0.009495652436085947,0.002147927106701082,2.6127402679299182e-05,0.07816383869076998,0.06654638655066224,0.25000002865471677,1.5000000573094332,0.002147927106701082
M3,2022-09,CLARABEL_SOLVED,983,1.8839730685358778,1.660257224798663,0.008301286123993315,0.0020156225667900536,3.705946119126347e-05,-0.08554658094477285,-0.09582643017436497,0.25000002218926975,1.50000004437854,0.0020156225667900536
M3,2022-10,CLARABEL_SOLVED,977,1.8802894280222102,1.6896629316190306,0.008448314658095153,0.0013746578770522139,2.6511737785557675e-05,0.16749335650362876,0.15769689570626697,0.2500000129516267,1.5000000259032529,0.0013746578770522139
M3,2022-11,CLARABEL_SOLVED,970,1.7757873872951067,2.0918398605090873,0.010459199302545437,0.0013375889809418727,2.5729815595397104e-05,0.012094278360823663,0.0003232198929317498,0.25000004131590686,1.5000000826318138,0.0013375889809418727
M3,2022-12,CLARABEL_SOLVED,969,1.9970811332144927,1.790526344173305,0.008952631720866525,0.0025801170276091,2.1500756773963273e-05,-0.05649328419156221,-0.06800453218326388,0.2500000242010766,1.5000000484021534,0.0025801170276091
M3,2023-01,CLARABEL_SOLVED,973,1.7925709618733248,1.6776623937625756,0.008388311968812878,0.0017661126906578077,4.306765395266891e-05,0.04228022901116977,0.03216887200565175,0.2500000146213561,1.5000000292427123,0.0017661126906578077
M3,2023-02,CLARABEL_SOLVED,972,2.0809841373848244,1.5266997462491378,0.00763349873124569,0.005102082762139819,3.642316635337559e-05,0.005112526425599903,-0.007586631901432231,0.25000001463820337,1.5000000292764084,0.005102082762139819
M3,2023-03,CLARABEL_SOLVED,975,1.8415922822802977,1.6151648180482534,0.008075824090241266,0.004399557885862467,2.4592778385805814e-05,-0.002804357781799261,-0.015255146979517189,0.25000002906978597,1.5000000581395716,0.004399557885862467
M3,2023-04,CLARABEL_SOLVED,985,1.879222603865743,2.011111099399369,0.010055555496996844,0.004386124225099888,3.9626421366240554e-05,-0.3879954924878973,-0.40239754578862774,0.2500000055443825,1.500000011088765,0.004386124225099888
M3,2023-05,CLARABEL_SOLVED,983,1.9079697038395158,2.2438419603919435,0.011219209801959718,0.0097070956438505,9.337545627457756e-05,0.08274929403308319,0.061916364043547556,0.25000000473247375,1.5000000094649466,0.0097070956438505
M3,2023-06,CLARABEL_SOLVED,988,1.8575351911572335,1.898946948353328,0.009494734741766639,0.005924064437701793,3.5106970371577835e-05,0.04185285510126986,0.02646916289217301,0.25000000811540124,1.5000000162308034,0.005924064437701793
M3,2023-07,CLARABEL_SOLVED,987,2.0407140314606904,1.6612121535207032,0.008306060767603516,0.002599638877254468,2.5465665064891923e-05,0.036068838336025574,0.02518860435623248,0.2500000366943257,1.5000000733886512,0.002599638877254468
M3,2023-08,CLARABEL_SOLVED,986,1.8167103975978274,1.8932530112434756,0.009466265056217378,0.0034821879672229236,2.871659810446555e-05,0.044171815984014276,0.03125207955867844,0.2500000252438712,1.5000000504877435,0.0034821879672229236
M3,2023-09,CLARABEL_SOLVED,992,1.8097458734689214,1.7189043857631983,0.008594521928815992,0.0037258762569531674,2.0069548071029496e-05,-0.11750051491300115,-0.1298008435506993,0.25000000587791604,1.5000000117558328,0.0037258762569531674
M3,2023-10,CLARABEL_SOLVED,992,1.7946037683117413,1.6984213515972204,0.008492106757986102,0.006412505335900614,4.131678443848236e-05,-0.012884541940858394,-0.027747837250306627,0.2500000160355508,1.500000032071102,0.006412505335900614
M3,2023-11,CLARABEL_SOLVED,990,1.8917663315140731,1.889675718095479,0.009448378590477395,0.003379784042088163,2.5248370716615893e-05,0.17795878628248407,0.16515587202063514,0.2500000171514095,1.500000034302818,0.003379784042088163
M3,2023-12,CLARABEL_SOLVED,992,1.9700033045627752,2.103884075859278,0.01051942037929639,0.003754476030202847,4.880098524323667e-05,0.04636461774701216,0.03213952232275616,0.2500000167960927,1.5000000335921855,0.003754476030202847
M3,2024-01,CLARABEL_SOLVED,991,1.9659487784420335,1.9458536899404961,0.009729268449702481,0.004533321846456764,3.6055760063915146e-05,-0.0007484433471907307,-0.014974977883286061,0.25000001157660845,1.5000000231532167,0.004533321846456764
M3,2024-02,CLARABEL_SOLVED,990,1.684230071499525,1.5493635835704953,0.007746817917852477,0.0012888769178458109,4.458706759418898e-05,-0.004652050261537668,-0.013643158029641767,0.2500000149684378,1.5000000299368748,0.0012888769178458109
M3,2024-03,CLARABEL_SOLVED,991,1.9455399724311335,1.5990103243160954,0.007995051621580478,0.0014118219947987123,3.326199832854278e-05,0.0007131717972100673,-0.00866043982084058,0.2500000000810167,1.5000000001620324,0.0014118219947987123
M3,2024-04,CLARABEL_SOLVED,992,1.9928585841540176,1.453271052656107,0.007266355263280535,0.0016310939542043851,2.374960665628695e-05,-0.09022508240108151,-0.09909878201191015,0.25000001653751447,1.500000033075029,0.0016310939542043851
M3,2024-05,CLARABEL_SOLVED,994,1.9413722301630754,1.8886490159108218,0.00944324507955411,0.005052292576678575,2.6131629458582203e-05,0.07934443452238527,0.06487502849561116,0.2500000061137392,1.5000000122274795,0.005052292576678575
M3,2024-06,CLARABEL_SOLVED,994,1.8673691400920367,1.9133944962447391,0.009566972481223696,0.02426861915639629,5.834282348013921e-05,0.039873877615706904,0.006096628801567057,0.25000001262513183,1.5000000252502632,0.02426861915639629
M3,2024-07,CLARABEL_SOLVED,995,1.969572236541123,1.959394879682999,0.009796974398414995,0.009360824758102008,3.0307520056969656e-05,0.059843672191203394,0.04071618055474336,0.25000000751172485,1.500000015023451,0.009360824758102008
M3,2024-08,CLARABEL_SOLVED,995,2.2363561076093665,2.157296649311239,0.010786483246556195,0.000594648073044731,3.898255593551119e-05,0.053101400600411776,0.04175925183674636,0.2500000317144845,1.5000000634289687,0.000594648073044731
M3,2024-09,CLARABEL_SOLVED,995,1.7896981538302803,1.8377851240403005,0.009188925620201502,0.001374604682268913,2.1054695872369078e-05,0.00828555080825825,-0.002256924798339796,0.2500000142839032,1.5000000285678072,0.001374604682268913
M3,2024-10,CLARABEL_SOLVED,998,1.8066219589114612,2.0394187837120086,0.010197093918560043,0.005220937163258795,3.5088004689203554e-05,-0.012552576681789555,-0.027935519758919187,0.2500000040781021,1.5000000081562037,0.005220937163258795
M3,2024-11,CLARABEL_SOLVED,997,1.5958957448955957,1.4281122675903777,0.007140561337951889,0.0027988275365425216,2.8618698422190967e-05,0.11920132904108144,0.10929055886500921,0.25000001285465545,1.5000000257093111,0.0027988275365425216
M3,2024-12,CLARABEL_SOLVED,998,1.6858822728018312,1.5967118382122063,0.007983559191061031,0.009332307264637822,4.212950841954033e-05,-0.14509647708080797,-0.1623702140280873,0.2500000120181041,1.5000000240362072,0.009332307264637822
M3,2025-01,CLARABEL_SOLVED,999,1.7335839490005678,1.8494828933937077,0.00924741446696854,0.003956795838816383,2.7440590616434318e-05,0.07431638897427414,0.06113961925910565,0.2500000055180271,1.5000000110360538,0.003956795838816383
M3,2025-02,CLARABEL_SOLVED,997,1.8393964467585888,1.6287128609845893,0.008143564304922947,0.008623487961130334,4.031932154644306e-05,-0.03571326599569534,-0.052439998940202175,0.2500000049134141,1.5000000098268278,0.008623487961130334
M3,2025-03,CLARABEL_SOLVED,998,2.1260336850142725,2.2109974382626745,0.011054987191313372,0.000661969494060203,7.795380585272092e-05,-0.06864511659863774,-0.0802841194781586,0.25000000530918953,1.5000000106183782,0.000661969494060203
M3,2025-04,CLARABEL_SOLVED,997,2.056760791432994,1.79691133869624,0.0089845566934812,0.0032405000796676938,5.930005106490272e-05,0.07960672928100475,0.06744097255892074,0.25000001805521066,1.5000000361104227,0.0032405000796676938
M3,2025-05,CLARABEL_SOLVED,998,1.6009733966483393,2.416424631567274,0.012082123157836371,0.0021277742280570323,4.597157773603797e-05,0.10548337059619703,0.09131944478803966,0.25000000721772486,1.5000000144354493,0.0021277742280570323
M3,2025-06,CLARABEL_SOLVED,997,1.716552830699093,2.008369756406135,0.010041848782030675,0.00019600559489976353,3.554452670782392e-05,0.03071546319950426,0.020513153349281645,0.2500000075116422,1.5000000150232844,0.00019600559489976353
M3,2025-07,CLARABEL_SOLVED,997,1.4507343954313439,1.634014934303103,0.008170074671515514,0.00492594770913246,6.0906801421212124e-05,0.006359266820128405,-0.006675848759098358,0.25000001355192947,1.5000000271038587,0.00492594770913246
M3,2025-08,CLARABEL_SOLVED,996,1.7527657061806823,1.5790428437613888,0.007895214218806944,0.0031359110172921646,4.844405356225404e-05,0.012828006000366614,0.0018453248178297594,0.2500000161420843,1.5000000322841691,0.0031359110172921646
M3,2025-09,CLARABEL_SOLVED,996,1.787644901182722,1.9501903696875003,0.009750951848437502,0.0008283584017733133,3.859074903855715e-05,0.04925785451979086,0.038717135018618606,0.25000001647498565,1.5000000329499723,0.0008283584017733133
M3,2025-10,CLARABEL_SOLVED,996,1.488169332783179,1.85084582852315,0.00925422914261575,0.021226625561708262,4.8523528181190045e-05,0.041634543225103134,0.011202212048960313,0.25000001174280373,1.500000023485607,0.021226625561708262
M3,2025-11,CLARABEL_SOLVED,995,1.6168453700516474,1.80691913872315,0.009034595693615751,0.0015134854187887601,4.18155905572508e-05,-0.09484914362856903,-0.10535540915041629,0.25000000402213324,1.5000000080442675,0.0015134854187887601
M3,2025-12,CLARABEL_SOLVED,996,2.0662582716369364,2.158944959607236,0.01079472479803618,0.001860917069324086,2.3715370581662246e-05,-0.08235449456636945,-0.09498642106314807,0.25000001018024076,1.5000000203604817,0.001860917069324086
